Species,Order,Family,id
Discoglossus montalentii,Anura,Alytidae,A15
Euproctus montanus,Caudata,Salamandridae,A19
Euproctus platycephalus,Caudata,Salamandridae,A20
Discoglossus sardus,Anura,Alytidae,A17
Gavia stellata,Gaviiformes,Gaviidae,B1
Rana arvalis,Anura,Ranidae,A44
Pelophylax bedriagae,Anura,Ranidae,A45
Pelophylax bergeri,Anura,Ranidae,A46
Pelophylax cerigensis,Anura,Ranidae,A47
Pelophylax cretensis,Anura,Ranidae,A48
Rana dalmatina,Anura,Ranidae,A49
Pelophylax epeiroticus,Anura,Ranidae,A50
Pelophylax esculentus,Anura,Ranidae,A51
Rana graeca,Anura,Ranidae,A52
Pelophylax kl. grafi,Anura,Ranidae,A53
Pelophylax kl. hispanicus,Anura,Ranidae,A54
Rana iberica,Anura,Ranidae,A55
Rana italica,Anura,Ranidae,A56
Pelophylax kurtmuelleri,Anura,Ranidae,A57
Rana latastei,Anura,Ranidae,A58
Pelophylax lessonae,Anura,Ranidae,A59
Rana macrocnemis,Anura,Ranidae,A60
Pelophylax perezi,Anura,Ranidae,A61
Rana pyrenaica,Anura,Ranidae,A62
Pelophylax ridibundus,Anura,Ranidae,A63
Pelophylax shqipericus,Anura,Ranidae,A64
Rana tavasensis,Anura,Ranidae,A65
Rana temporaria,Anura,Ranidae,A66
Pelophylax caralitanus,Anura,Ranidae,A96
Rana macrocnemis holtzi,Anura,Ranidae,A98
Gavia immer,Gaviiformes,Gaviidae,B3
Podiceps cristatus,Podicipediformes,Podicipedidae,B6
Calotriton asper,Caudata,Salamandridae,A18
Pleurodeles waltl,Caudata,Salamandridae,A42
Ichthyosaura alpestris,Caudata,Salamandridae,A83
Lissotriton boscai,Caudata,Salamandridae,A84
Triturus carnifex,Caudata,Salamandridae,A85
Triturus cristatus,Caudata,Salamandridae,A86
Triturus dobrogicus,Caudata,Salamandridae,A87
Lissotriton helveticus,Caudata,Salamandridae,A88
Lissotriton italicus,Caudata,Salamandridae,A89
Triturus karelinii,Caudata,Salamandridae,A90
Triturus marmoratus,Caudata,Salamandridae,A91
Lissotriton montandoni,Caudata,Salamandridae,A92
Triturus pygmaeus,Caudata,Salamandridae,A93
Ommatotriton vittatus,Caudata,Salamandridae,A94
Lissotriton vulgaris,Caudata,Salamandridae,A95
Ommatotriton ophryticus,Caudata,Salamandridae,A97
Calotriton arnoldi,Caudata,Salamandridae,A99
Triturus macedonicus,Caudata,Salamandridae,A104
Podiceps grisegena,Podicipediformes,Podicipedidae,B7
Podiceps nigricollis,Podicipediformes,Podicipedidae,B9
Fulmarus glacialis,Procellariiformes,Procellariidae,B10
Arvicola amphibius,Rodentia,Cricetidae,M22
Arvicola sapidus,Rodentia,Cricetidae,M23
Arvicola scherman,Rodentia,Cricetidae,M24
Phalacrocorax carbo,Suliformes,Phalacrocoracidae,B25
Gallinula chloropus,Gruiformes,Rallidae,B150
Hirundo rustica,Passeriformes,Hirundinidae,B307
Phalacrocorax pygmaeus,Suliformes,Phalacrocoracidae,B27
Ardea cinerea,Pelecaniformes,Ardeidae,B30
Alytes cisternasii,Anura,Alytidae,A1
Alytes dickhilleni,Anura,Alytidae,A2
Alytes muletensis,Anura,Alytidae,A3
Alytes obstetricans,Anura,Alytidae,A4
Bombina bombina,Anura,Bombinatoridae,A5
Bombina pachypus,Anura,Bombinatoridae,A6
Bombina variegata,Anura,Bombinatoridae,A7
Bufo bufo,Anura,Bufonidae,A8
Epidalea calamita,Anura,Bufonidae,A9
Bufo verrucosissimus,Anura,Bufonidae,A10
Bufotes viridis,Anura,Bufonidae,A11
Chioglossa lusitanica,Caudata,Salamandridae,A12
Discoglossus galganoi,Anura,Alytidae,A13
Discoglossus jeanneae,Anura,Alytidae,A14
Discoglossus pictus,Anura,Alytidae,A16
Hyla arborea,Anura,Hylidae,A21
Hyla intermedia,Anura,Hylidae,A22
Hyla meridionalis,Anura,Hylidae,A23
Hyla sarda,Anura,Hylidae,A24
Hyla savignyi,Anura,Hylidae,A25
Pelobates cultripes,Anura,Pelobatidae,A36
Pelobates fuscus,Anura,Pelobatidae,A37
Pelobates syriacus,Anura,Pelobatidae,A38
Pelodytes caucasicus,Anura,Pelodytidae,A39
Pelodytes ibericus,Anura,Pelodytidae,A40
Pelodytes punctatus,Anura,Pelodytidae,A41
Salamandrina perspicillata,Caudata,Salamandridae,A73
Salamandrina terdigitata,Caudata,Salamandridae,A74
Bufotes balearica,Anura,Bufonidae,A100
Bufotes boulengeri,Anura,Bufonidae,A101
Bufotes sicula,Anura,Bufonidae,A102
Bufotes variabilis,Anura,Bufonidae,A103
Acomys cilicicus,Rodentia,Muridae,M1
Acomys minous,Rodentia,Muridae,M2
Acomys nesiotes,Rodentia,Muridae,M3
Allocricetulus eversmanni,Rodentia,Cricetidae,M10
Apodemus agrarius,Rodentia,Muridae,M12
Apodemus alpicola,Rodentia,Muridae,M13
Apodemus epimelas,Rodentia,Muridae,M14
Apodemus flavicollis,Rodentia,Muridae,M15
Apodemus hyrcanicus,Rodentia,Muridae,M16
Apodemus mystacinus,Rodentia,Muridae,M17
Apodemus ponticus,Rodentia,Muridae,M18
Apodemus sylvaticus,Rodentia,Muridae,M19
Apodemus uralensis,Rodentia,Muridae,M20
Apodemus witherbyi,Rodentia,Muridae,M21
Chionomys gud,Rodentia,Cricetidae,M42
Chionomys nivalis,Rodentia,Cricetidae,M43
Chionomys roberti,Rodentia,Cricetidae,M44
Cricetulus migratorius,Rodentia,Cricetidae,M45
Cricetus cricetus,Rodentia,Cricetidae,M46
Crocidura arispa,Soricomorpha,Soricidae,M47
Crocidura armenica,Soricomorpha,Soricidae,M48
Crocidura canariensis,Soricomorpha,Soricidae,M49
Crocidura caspica,Soricomorpha,Soricidae,M50
Crocidura leucodon,Soricomorpha,Soricidae,M52
Crocidura ichnusae,Soricomorpha,Soricidae,M53
Crocidura russula,Soricomorpha,Soricidae,M54
Crocidura serezkyensis,Soricomorpha,Soricidae,M55
Crocidura sicula,Soricomorpha,Soricidae,M56
Crocidura suaveolens,Soricomorpha,Soricidae,M57
Crocidura zimmermanni,Soricomorpha,Soricidae,M58
Desmana moschata,Soricomorpha,Talpidae,M60
Dicrostonyx torquatus,Rodentia,Cricetidae,M61
Dinaromys bogdanovi,Rodentia,Cricetidae,M62
Diplomesodon pulchellum,Soricomorpha,Soricidae,M63
Ellobius lutescens,Rodentia,Cricetidae,M69
Ellobius talpinus,Rodentia,Cricetidae,M70
Galemys pyrenaicus,Soricomorpha,Talpidae,M81
Dipodillus dasyurus,Rodentia,Muridae,M84
Lagurus lagurus,Rodentia,Cricetidae,M93
Lemmus lemmus,Rodentia,Cricetidae,M94
Lemmus sibiricus,Rodentia,Cricetidae,M95
Meriones crassus,Rodentia,Muridae,M115
Meriones dahli,Rodentia,Muridae,M116
Meriones libycus,Rodentia,Muridae,M117
Meriones meridianus,Rodentia,Muridae,M118
Meriones persicus,Rodentia,Muridae,M119
Meriones tamariscinus,Rodentia,Muridae,M120
Meriones tristrami,Rodentia,Muridae,M121
Meriones vinogradovi,Rodentia,Muridae,M122
Mesocricetus auratus,Rodentia,Cricetidae,M123
Mesocricetus brandti,Rodentia,Cricetidae,M124
Mesocricetus newtoni,Rodentia,Cricetidae,M125
Mesocricetus raddei,Rodentia,Cricetidae,M126
Micromys minutus,Rodentia,Muridae,M127
Microtus agrestis,Rodentia,Cricetidae,M128
Microtus anatolicus,Rodentia,Cricetidae,M129
Microtus arvalis,Rodentia,Cricetidae,M130
Microtus bavaricus,Rodentia,Cricetidae,M131
Microtus brachycercus,Rodentia,Cricetidae,M132
Microtus cabrerae,Rodentia,Cricetidae,M133
Microtus daghestanicus,Rodentia,Cricetidae,M134
Microtus dogramacii,Rodentia,Cricetidae,M135
Microtus duodecimcostatus,Rodentia,Cricetidae,M136
Microtus felteni,Rodentia,Cricetidae,M137
Microtus gerbei,Rodentia,Cricetidae,M138
Microtus gregalis,Rodentia,Cricetidae,M139
Microtus guentheri,Rodentia,Cricetidae,M140
Microtus levis,Rodentia,Cricetidae,M141
Microtus liechtensteini,Rodentia,Cricetidae,M142
Microtus lusitanicus,Rodentia,Cricetidae,M143
Microtus majori,Rodentia,Cricetidae,M144
Microtus middendorffi,Rodentia,Cricetidae,M145
Microtus multiplex,Rodentia,Cricetidae,M146
Microtus daghestanicus nasarovi,Rodentia,Cricetidae,M147
Microtus oeconomus,Rodentia,Cricetidae,M148
Microtus savii,Rodentia,Cricetidae,M149
Microtus schidlovskii,Rodentia,Cricetidae,M150
Microtus socialis,Rodentia,Cricetidae,M151
Microtus subterraneus,Rodentia,Cricetidae,M152
Microtus tatricus,Rodentia,Cricetidae,M153
Microtus thomasi,Rodentia,Cricetidae,M154
Mus cypriacus,Rodentia,Muridae,M157
Mus macedonicus,Rodentia,Muridae,M158
Mus musculus,Rodentia,Muridae,M159
Mus spicilegus,Rodentia,Muridae,M160
Mus spretus,Rodentia,Muridae,M161
Myodes glareolus,Rodentia,Cricetidae,M169
Myodes rufocanus,Rodentia,Cricetidae,M170
Myodes rutilus,Rodentia,Cricetidae,M171
Myopus schisticolor,Rodentia,Cricetidae,M174
Neomys anomalus,Soricomorpha,Soricidae,M191
Neomys fodiens,Soricomorpha,Soricidae,M192
Neomys teres,Soricomorpha,Soricidae,M193
Prometheomys schaposchnikowi,Rodentia,Cricetidae,M217
Rhombomys opimus,Rodentia,Muridae,M229
Sorex alpinus,Soricomorpha,Soricidae,M244
Sorex antinorii,Soricomorpha,Soricidae,M245
Sorex araneus,Soricomorpha,Soricidae,M246
Sorex caecutiens,Soricomorpha,Soricidae,M248
Sorex coronatus,Soricomorpha,Soricidae,M249
Sorex granarius,Soricomorpha,Soricidae,M250
Sorex isodon,Soricomorpha,Soricidae,M251
Sorex minutissimus,Soricomorpha,Soricidae,M252
Sorex minutus,Soricomorpha,Soricidae,M253
Sorex raddei,Soricomorpha,Soricidae,M254
Sorex samniticus,Soricomorpha,Soricidae,M255
Sorex satunini,Soricomorpha,Soricidae,M256
Sorex tundrensis,Soricomorpha,Soricidae,M257
Sorex volnuchini,Soricomorpha,Soricidae,M258
Spermophilus citellus,Rodentia,Sciuridae,M268
Spermophilus fulvus,Rodentia,Sciuridae,M269
Spermophilus major,Rodentia,Sciuridae,M270
Spermophilus musicus,Rodentia,Sciuridae,M271
Spermophilus pygmaeus,Rodentia,Sciuridae,M272
Spermophilus suslicus,Rodentia,Sciuridae,M273
Spermophilus taurensis,Rodentia,Sciuridae,M274
Spermophilus xanthoprymnus,Rodentia,Sciuridae,M275
Suncus etruscus,Soricomorpha,Soricidae,M277
Talpa caeca,Soricomorpha,Talpidae,M280
Talpa caucasica,Soricomorpha,Talpidae,M281
Talpa davidiana,Soricomorpha,Talpidae,M282
Talpa europaea,Soricomorpha,Talpidae,M283
Talpa levantis,Soricomorpha,Talpidae,M284
Talpa occidentalis,Soricomorpha,Talpidae,M285
Talpa romana,Soricomorpha,Talpidae,M286
Talpa stankovici,Soricomorpha,Talpidae,M287
Tatera indica,Rodentia,Muridae,M289
Lacerta agilis,Squamata,Lacertidae,R115
Lacerta bilineata,Squamata,Lacertidae,R117
Lacerta media,Squamata,Lacertidae,R124
Lacerta pamphylica,Squamata,Lacertidae,R129
Lacerta schreiberi,Squamata,Lacertidae,R132
Lacerta strigata,Squamata,Lacertidae,R133
Lacerta trilineata,Squamata,Lacertidae,R134
Lacerta viridis,Squamata,Lacertidae,R136
Natrix maura,Squamata,Colubridae,R154
Natrix natrix,Squamata,Colubridae,R155
Natrix tessellata,Squamata,Colubridae,R156
Ardea purpurea,Pelecaniformes,Ardeidae,B31
Ardea alba,Pelecaniformes,Ardeidae,B32
Troglodytes troglodytes,Passeriformes,Troglodytidae,B327
Cettia cetti,Passeriformes,Cettiidae,B345
Locustella lanceolata,Passeriformes,Locustellidae,B346
Locustella naevia,Passeriformes,Locustellidae,B347
Locustella fluviatilis,Passeriformes,Locustellidae,B348
Locustella luscinioides,Passeriformes,Locustellidae,B349
Acrocephalus melanopogon,Passeriformes,Acrocephalidae,B350
Acrocephalus paludicola,Passeriformes,Acrocephalidae,B351
Acrocephalus schoenobaenus,Passeriformes,Acrocephalidae,B352
Acrocephalus agricola,Passeriformes,Acrocephalidae,B353
Acrocephalus scirpaceus,Passeriformes,Acrocephalidae,B354
Acrocephalus dumetorum,Passeriformes,Acrocephalidae,B355
Acrocephalus palustris,Passeriformes,Acrocephalidae,B356
Acrocephalus arundinaceus,Passeriformes,Acrocephalidae,B357
Panurus biarmicus,Passeriformes,Panuridae,B412
Egretta garzetta,Pelecaniformes,Ardeidae,B33
Ardeola ralloides,Pelecaniformes,Ardeidae,B34
Bubulcus ibis,Pelecaniformes,Ardeidae,B35
Ammomanes deserti,Passeriformes,Alaudidae,B293
Melanocorypha calandra,Passeriformes,Alaudidae,B294
Melanocorypha bimaculata,Passeriformes,Alaudidae,B295
Melanocorypha leucoptera,Passeriformes,Alaudidae,B296
Calandrella brachydactyla,Passeriformes,Alaudidae,B297
Calandrella rufescens,Passeriformes,Alaudidae,B298
Calandrella cheleensis,Passeriformes,Alaudidae,B299
Chersophilus duponti,Passeriformes,Alaudidae,B300
Galerida cristata,Passeriformes,Alaudidae,B301
Lullula arborea,Passeriformes,Alaudidae,B302
Alauda arvensis,Passeriformes,Alaudidae,B303
Eremophila alpestris,Passeriformes,Alaudidae,B304
Motacilla alba,Passeriformes,Motacillidae,B310
Motacilla citreola,Passeriformes,Motacillidae,B311
Motacilla flava,Passeriformes,Motacillidae,B312
Motacilla cinerea,Passeriformes,Motacillidae,B313
Anthus campestris,Passeriformes,Motacillidae,B314
Anthus berthelotii,Passeriformes,Motacillidae,B315
Anthus trivialis,Passeriformes,Motacillidae,B316
Anthus hodgsoni,Passeriformes,Motacillidae,B317
Anthus pratensis,Passeriformes,Motacillidae,B318
Anthus cervinus,Passeriformes,Motacillidae,B319
Anthus petrosus,Passeriformes,Motacillidae,B320
Anthus spinoletta,Passeriformes,Motacillidae,B321
Cisticola juncidis,Passeriformes,Cisticolidae,B343
Prinia gracilis,Passeriformes,Cisticolidae,B344
Emberiza citrinella,Passeriformes,Emberizidae,B453
Emberiza leucocephalos,Passeriformes,Emberizidae,B454
Emberiza cirlus,Passeriformes,Emberizidae,B455
Emberiza cia,Passeriformes,Emberizidae,B456
Emberiza buchanani,Passeriformes,Emberizidae,B457
Emberiza cineracea,Passeriformes,Emberizidae,B458
Emberiza hortulana,Passeriformes,Emberizidae,B459
Emberiza caesia,Passeriformes,Emberizidae,B460
Emberiza pusilla,Passeriformes,Emberizidae,B461
Emberiza rustica,Passeriformes,Emberizidae,B462
Emberiza aureola,Passeriformes,Emberizidae,B463
Emberiza melanocephala,Passeriformes,Emberizidae,B464
Emberiza bruniceps,Passeriformes,Emberizidae,B465
Emberiza pallasi,Passeriformes,Emberizidae,B466
Emberiza schoeniclus,Passeriformes,Emberizidae,B467
Emberiza calandra,Passeriformes,Emberizidae,B468
Plectrophenax nivalis,Passeriformes,Calcariidae,B470
Galerida theklae,Passeriformes,Alaudidae,B507
Allactaga elater,Rodentia,Dipodidae,M5
Allactaga euphratica,Rodentia,Dipodidae,M6
Allactaga major,Rodentia,Dipodidae,M7
Allactaga sibirica,Rodentia,Dipodidae,M8
Allactaga williamsi,Rodentia,Dipodidae,M9
Dipus sagitta,Rodentia,Dipodidae,M64
Pygeretmus platyurus,Rodentia,Dipodidae,M219
Pygeretmus pumilio,Rodentia,Dipodidae,M220
Sicista armenica,Rodentia,Dipodidae,M236
Sicista betulina,Rodentia,Dipodidae,M237
Sicista caucasica,Rodentia,Dipodidae,M238
Sicista kazbegica,Rodentia,Dipodidae,M239
Sicista kluchorica,Rodentia,Dipodidae,M240
Sicista severtzovi,Rodentia,Dipodidae,M241
Sicista strandi,Rodentia,Dipodidae,M242
Sicista subtilis,Rodentia,Dipodidae,M243
Stylodipus telum,Rodentia,Dipodidae,M276
Ablepharus bivittatus,Squamata,Scincidae,R1
Ablepharus budaki,Squamata,Scincidae,R2
Ablepharus chernovi,Squamata,Scincidae,R3
Ablepharus kitaibelii,Squamata,Scincidae,R4
Ablepharus pannonicus,Squamata,Scincidae,R5
Acanthodactylus erythrurus,Squamata,Lacertidae,R6
Acanthodactylus schreiberi,Squamata,Lacertidae,R7
Algyroides fitzingeri,Squamata,Lacertidae,R8
Algyroides marchi,Squamata,Lacertidae,R9
Algyroides moreoticus,Squamata,Lacertidae,R10
Algyroides nigropunctatus,Squamata,Lacertidae,R11
Alsophylax pipiens,Squamata,Gekkonidae,R12
Anguis cephallonica,Squamata,Anguidae,R13
Anguis fragilis,Squamata,Anguidae,R14
Archaeolacerta bedriagae,Squamata,Lacertidae,R15
Asaccus elisae,Squamata,Phyllodactylidae,R16
Chalcides bedriagai,Squamata,Scincidae,R19
Chalcides sexlineatus bistriatus,Squamata,Scincidae,R20
Chalcides chalcides,Squamata,Scincidae,R21
Chalcides ocellatus,Squamata,Scincidae,R22
Chalcides sexlineatus,Squamata,Scincidae,R23
Chalcides simonyi,Squamata,Scincidae,R24
Chalcides striatus,Squamata,Scincidae,R25
Chalcides viridanus,Squamata,Scincidae,R26
Cyrtopodion caspium,Squamata,Gekkonidae,R30
Mediodactylus heterocercus,Squamata,Gekkonidae,R31
Mediodactylus kotschyi,Squamata,Gekkonidae,R32
Mediodactylus russowii,Squamata,Gekkonidae,R33
Cyrtopodion scabrum,Squamata,Gekkonidae,R34
Darevskia alpina,Squamata,Lacertidae,R35
Darevskia armeniaca,Squamata,Lacertidae,R36
Darevskia bendimahiensis,Squamata,Lacertidae,R37
Darevskia brauneri,Squamata,Lacertidae,R38
Darevskia caucasica,Squamata,Lacertidae,R39
Darevskia clarkorum,Squamata,Lacertidae,R40
Darevskia daghestanica,Squamata,Lacertidae,R41
Darevskia dahli,Squamata,Lacertidae,R42
Darevskia derjugini,Squamata,Lacertidae,R43
Darevskia dryada,Squamata,Lacertidae,R44
Darevskia lindholmi,Squamata,Lacertidae,R45
Darevskia mixta,Squamata,Lacertidae,R46
Darevskia raddei nairensis,Squamata,Lacertidae,R47
Darevskia parvula,Squamata,Lacertidae,R48
Darevskia portschinskii,Squamata,Lacertidae,R49
Darevskia praticola,Squamata,Lacertidae,R50
Darevskia raddei,Squamata,Lacertidae,R51
Darevskia rostombekovi,Squamata,Lacertidae,R52
Darevskia rudis,Squamata,Lacertidae,R53
Darevskia sapphirina,Squamata,Lacertidae,R54
Darevskia saxicola,Squamata,Lacertidae,R55
Darevskia unisexualis,Squamata,Lacertidae,R56
Darevskia uzzelli,Squamata,Lacertidae,R57
Darevskia valentini,Squamata,Lacertidae,R58
Eremias arguta,Squamata,Lacertidae,R81
Eremias intermedia,Squamata,Lacertidae,R82
Eremias pleskei,Squamata,Lacertidae,R83
Eremias scripta,Squamata,Lacertidae,R84
Eremias strauchi,Squamata,Lacertidae,R85
Eremias suphani,Squamata,Lacertidae,R86
Eremias velox,Squamata,Lacertidae,R87
Euleptes europaea,Squamata,Sphaerodactylidae,R90
Eumeces schneideri,Squamata,Scincidae,R91
Hellenolacerta graeca,Squamata,Lacertidae,R101
Hemidactylus turcicus,Squamata,Gekkonidae,R102
Iberolacerta aranica,Squamata,Lacertidae,R107
Iberolacerta aurelioi,Squamata,Lacertidae,R108
Iberolacerta bonnali,Squamata,Lacertidae,R109
Iberolacerta cyreni,Squamata,Lacertidae,R110
Iberolacerta galani,Squamata,Lacertidae,R111
Iberolacerta horvathi,Squamata,Lacertidae,R112
Iberolacerta martinezricai,Squamata,Lacertidae,R113
Iberolacerta monticola,Squamata,Lacertidae,R114
Anatololacerta anatolica,Squamata,Lacertidae,R116
Apathya cappadocica,Squamata,Lacertidae,R118
Phoenicolacerta cyanisparsa,Squamata,Lacertidae,R119
Anatololacerta danfordi,Squamata,Lacertidae,R120
Teira dugesii,Squamata,Lacertidae,R121
Phoenicolacerta laevis,Squamata,Lacertidae,R122
Dinarolacerta mosorensis,Squamata,Lacertidae,R125
Dinarolacerta montenegrina,Squamata,Lacertidae,R126
Anatololacerta oertzeni,Squamata,Lacertidae,R127
Dalmatolacerta oxycephala,Squamata,Lacertidae,R128
Parvilacerta parva,Squamata,Lacertidae,R130
Phoenicolacerta troodica,Squamata,Lacertidae,R135
Zootoca vivipara,Squamata,Lacertidae,R137
Trachylepis aurata,Squamata,Scincidae,R141
Trachylepis vittata,Squamata,Scincidae,R142
Ophiomorus punctatissimus,Squamata,Scincidae,R157
Ophisops elegans,Squamata,Lacertidae,R158
Iranolacerta brandtii,Squamata,Lacertidae,R164
Podarcis liolepis,Squamata,Lacertidae,R165
Podarcis bocagei,Squamata,Lacertidae,R166
Podarcis carbonelli,Squamata,Lacertidae,R167
Podarcis erhardii,Squamata,Lacertidae,R168
Podarcis filfolensis,Squamata,Lacertidae,R169
Podarcis gaigeae,Squamata,Lacertidae,R170
Podarcis hispanicus,Squamata,Lacertidae,R171
Podarcis lilfordi,Squamata,Lacertidae,R172
Podarcis melisellensis,Squamata,Lacertidae,R173
Podarcis milensis,Squamata,Lacertidae,R174
Podarcis muralis,Squamata,Lacertidae,R175
Podarcis peloponnesiacus,Squamata,Lacertidae,R176
Podarcis pityusensis,Squamata,Lacertidae,R177
Podarcis raffoneae,Squamata,Lacertidae,R178
Podarcis sicula,Squamata,Lacertidae,R179
Podarcis tauricus,Squamata,Lacertidae,R180
Podarcis tiliguerta,Squamata,Lacertidae,R181
Podarcis vaucheri,Squamata,Lacertidae,R182
Podarcis waglerianus,Squamata,Lacertidae,R183
Psammodromus manuelae,Squamata,Lacertidae,R184
Psammodromus hispanicus,Squamata,Lacertidae,R185
Pseudopus apodus,Squamata,Anguidae,R186
Darevskia chlorogaster,Squamata,Lacertidae,R188
Tarentola angustimentalis,Squamata,Phyllodactylidae,R189
Tarentola bischoffi,Squamata,Phyllodactylidae,R190
Tarentola boettgeri,Squamata,Phyllodactylidae,R191
Tarentola delalandii,Squamata,Phyllodactylidae,R192
Tarentola gomerensis,Squamata,Phyllodactylidae,R193
Tarentola mauritanica,Squamata,Phyllodactylidae,R194
Stenodactylus grandiceps,Squamata,Gekkonidae,R228
Acanthodactylus boskianus,Squamata,Lacertidae,R229
Eublepharis angramainyu,Squamata,Eublepharidae,R235
Trachylepis septemtaeniata,Squamata,Scincidae,R236
Acanthodactylus harranensis,Squamata,Lacertidae,R237
Acanthodactylus grandis,Squamata,Lacertidae,R238
Eremias persica,Squamata,Lacertidae,R239
Mesalina brevirostris,Squamata,Lacertidae,R245
Psammodromus jeanneae,Squamata,Lacertidae,R253
Nycticorax nycticorax,Pelecaniformes,Ardeidae,B36
Ixobrychus minutus,Pelecaniformes,Ardeidae,B37
Botaurus stellaris,Pelecaniformes,Ardeidae,B38
Ciconia nigra,Ciconiiformes,Ciconiidae,B39
Salamandra atra,Caudata,Salamandridae,A67
Salamandra corsica,Caudata,Salamandridae,A68
Salamandra infraimmaculata,Caudata,Salamandridae,A69
Salamandra lanzai,Caudata,Salamandridae,A70
Salamandra salamandra,Caudata,Salamandridae,A71
Chamaeleo chamaeleon,Squamata,Chamaeleonidae,R27
Coronella austriaca,Squamata,Colubridae,R28
Coronella girondica,Squamata,Colubridae,R29
Eirenis aurolineatus,Squamata,Colubridae,R59
Eirenis barani,Squamata,Colubridae,R60
Platyceps collaris,Squamata,Colubridae,R61
Eirenis coronella,Squamata,Colubridae,R62
Eirenis decemlineatus,Squamata,Colubridae,R63
Eirenis eiselti,Squamata,Colubridae,R64
Eirenis hakkariensis,Squamata,Colubridae,R65
Eirenis levantinus,Squamata,Colubridae,R66
Eirenis lineomaculatus,Squamata,Colubridae,R67
Eirenis modestus,Squamata,Colubridae,R68
Eirenis punctatolineatus,Squamata,Colubridae,R69
Eirenis rothii,Squamata,Colubridae,R70
Eirenis thospitis,Squamata,Colubridae,R71
Elaphe dione,Squamata,Colubridae,R72
Eirenis medus,Squamata,Colubridae,R73
Zamenis hohenackeri,Squamata,Colubridae,R74
Zamenis lineatus,Squamata,Colubridae,R75
Zamenis longissimus,Squamata,Colubridae,R76
Elaphe quatuorlineata,Squamata,Colubridae,R77
Zamenis scalaris,Squamata,Colubridae,R78
Zamenis situla,Squamata,Colubridae,R79
Gallotia atlantica,Squamata,Lacertidae,R92
Gallotia auaritae,Squamata,Lacertidae,R93
Gallotia bravoana,Squamata,Lacertidae,R94
Gallotia caesaris,Squamata,Lacertidae,R95
Gallotia galloti,Squamata,Lacertidae,R96
Gallotia intermedia,Squamata,Lacertidae,R97
Gallotia simonyi,Squamata,Lacertidae,R98
Gallotia stehlini,Squamata,Lacertidae,R99
Hemorrhois hippocrepis,Squamata,Colubridae,R103
Dolichophis cypriensis,Squamata,Colubridae,R104
Hierophis gemonensis,Squamata,Colubridae,R105
Hierophis viridiflavus,Squamata,Colubridae,R106
Timon lepidus,Squamata,Lacertidae,R123
Timon princeps,Squamata,Lacertidae,R131
Macroprotodon brevis,Squamata,Colubridae,R143
Macroprotodon cucullatus,Squamata,Colubridae,R144
Malpolon monspessulanus,Squamata,Psammophiidae,R147
Platyceps najadum,Squamata,Colubridae,R163
Telescopus fallax,Squamata,Colubridae,R195
Vipera aspis,Squamata,Viperidae,R207
Dolichophis caspius,Squamata,Colubridae,R219
Chamaeleo africanus,Squamata,Chamaeleonidae,R220
Dolichophis jugularis,Squamata,Colubridae,R221
Hemorrhois nummifer,Squamata,Colubridae,R222
Hemorrhois algirus,Squamata,Colubridae,R223
Hierophis viridiflavus carbonarius,Squamata,Colubridae,R224
Dolichophis schmidti,Squamata,Colubridae,R225
Elaphe sauromates,Squamata,Colubridae,R226
Hemorrhois ravergieri,Squamata,Colubridae,R230
Platyceps ventromaculatus,Squamata,Colubridae,R231
Eirenis persicus,Squamata,Colubridae,R232
Rhynchocalamus melanocephalus,Squamata,Colubridae,R233
Spalerosophis diadema,Squamata,Colubridae,R234
Zamenis persicus,Squamata,Colubridae,R241
Telescopus nigriceps,Squamata,Colubridae,R246
Muhtarophis barani,Squamata,Colubridae,R249
Macroprotodon mauritanicus,Squamata,Colubridae,R251
Eirenis coronelloides,Squamata,Colubridae,R252
Ciconia ciconia,Ciconiiformes,Ciconiidae,B40
Atelerix algirus,Erinaceomorpha,Erinaceidae,M25
Erinaceus concolor,Erinaceomorpha,Erinaceidae,M75
Erinaceus europaeus,Erinaceomorpha,Erinaceidae,M76
Erinaceus roumanicus,Erinaceomorpha,Erinaceidae,M77
Hemiechinus auritus,Erinaceomorpha,Erinaceidae,M87
Platalea leucorodia,Pelecaniformes,Threskiornithidae,B42
Cygnus olor,Anseriformes,Anatidae,B44
Tadorna ferruginea,Anseriformes,Anatidae,B56
Bucephala clangula,Anseriformes,Anatidae,B78
Mergellus albellus,Anseriformes,Anatidae,B80
Mergus serrator,Anseriformes,Anatidae,B81
Mergus merganser,Anseriformes,Anatidae,B82
Pandion haliaetus,Accipitriformes,Pandionidae,B85
Phalacrocorax aristotelis,Suliformes,Phalacrocoracidae,B26
Chroicocephalus genei,Charadriiformes,Laridae,B218
Pernis apivorus,Accipitriformes,Accipitridae,B86
Mustela nivalis,Carnivora,Mustelidae,M166
Elanus caeruleus,Accipitriformes,Accipitridae,B87
Sylvia atricapilla,Passeriformes,Sylviidae,B372
Sylvia borin,Passeriformes,Sylviidae,B373
Sylvia communis,Passeriformes,Sylviidae,B374
Sylvia curruca,Passeriformes,Sylviidae,B375
Sylvia nisoria,Passeriformes,Sylviidae,B376
Sylvia hortensis,Passeriformes,Sylviidae,B377
Sylvia ruppeli,Passeriformes,Sylviidae,B378
Sylvia cantillans,Passeriformes,Sylviidae,B379
Sylvia melanocephala,Passeriformes,Sylviidae,B380
Sylvia melanothorax,Passeriformes,Sylviidae,B381
Sylvia mystacea,Passeriformes,Sylviidae,B382
Sylvia conspicillata,Passeriformes,Sylviidae,B383
Sylvia undata,Passeriformes,Sylviidae,B384
Sylvia sarda,Passeriformes,Sylviidae,B385
Saxicola rubetra,Passeriformes,Muscicapidae,B401
Saxicola torquatus,Passeriformes,Muscicapidae,B402
Pastor roseus,Passeriformes,Sturnidae,B450
Sturnus vulgaris,Passeriformes,Sturnidae,B451
Sturnus unicolor,Passeriformes,Sturnidae,B452
Fringilla coelebs,Passeriformes,Fringillidae,B471
Carpodacus erythrinus,Passeriformes,Fringillidae,B474
Carpodacus rubicilla,Passeriformes,Fringillidae,B475
Chloris chloris,Passeriformes,Fringillidae,B480
Acanthis flammea,Passeriformes,Fringillidae,B481
Acanthis hornemanni,Passeriformes,Fringillidae,B482
Spinus spinus,Passeriformes,Fringillidae,B483
Carduelis carduelis,Passeriformes,Fringillidae,B484
Linaria flavirostris,Passeriformes,Fringillidae,B485
Linaria cannabina,Passeriformes,Fringillidae,B486
Serinus pusillus,Passeriformes,Fringillidae,B487
Serinus serinus,Passeriformes,Fringillidae,B488
Serinus canaria,Passeriformes,Fringillidae,B489
Carduelis citrinella,Passeriformes,Fringillidae,B490
Coccothraustes coccothraustes,Passeriformes,Fringillidae,B493
Rhodopechys sanguineus,Passeriformes,Fringillidae,B494
Rhodospiza obsoleta,Passeriformes,Fringillidae,B497
Passer italiae,Passeriformes,Passeridae,B498
Passer domesticus,Passeriformes,Passeridae,B499
Passer hispaniolensis,Passeriformes,Passeridae,B500
Passer moabiticus,Passeriformes,Passeridae,B501
Passer montanus,Passeriformes,Passeridae,B502
Petronia petronia,Passeriformes,Passeridae,B504
Carpospiza brachydactyla,Passeriformes,Passeridae,B505
Saxicola dacotiae,Passeriformes,Muscicapidae,B513
Milvus milvus,Accipitriformes,Accipitridae,B88
Tadorna tadorna,Anseriformes,Anatidae,B57
Anas strepera,Anseriformes,Anatidae,B59
Anas crecca,Anseriformes,Anatidae,B60
Anas querquedula,Anseriformes,Anatidae,B63
Marmaronetta angustirostris,Anseriformes,Anatidae,B65
Aythya ferina,Anseriformes,Anatidae,B67
Aythya nyroca,Anseriformes,Anatidae,B68
Aythya fuligula,Anseriformes,Anatidae,B69
Aythya marila,Anseriformes,Anatidae,B70
Oxyura leucocephala,Anseriformes,Anatidae,B84
Perdix perdix,Galliformes,Phasianidae,B138
Rallus aquaticus,Gruiformes,Rallidae,B144
Crex crex,Gruiformes,Rallidae,B145
Porzana parva,Gruiformes,Rallidae,B146
Porzana pusilla,Gruiformes,Rallidae,B147
Porzana porzana,Gruiformes,Rallidae,B148
Porphyrio porphyrio,Gruiformes,Rallidae,B149
Fulica cristata,Gruiformes,Rallidae,B151
Fulica atra,Gruiformes,Rallidae,B152
Vanellus vanellus,Charadriiformes,Charadriidae,B161
Chtoicocephalus ridibundus,Charadriiformes,Laridae,B217
Columba livia,Columbiformes,Columbidae,B244
Columba oenas,Columbiformes,Columbidae,B245
Columba palumbus,Columbiformes,Columbidae,B246
Streptopelia turtur,Columbiformes,Columbidae,B248
Streptopelia decaocto,Columbiformes,Columbidae,B249
Streptopelia senegalensis,Columbiformes,Columbidae,B250
Turdus merula,Passeriformes,Turdidae,B337
Turdus ruficollis,Passeriformes,Turdidae,B338
Turdus pilaris,Passeriformes,Turdidae,B339
Turdus iliacus,Passeriformes,Turdidae,B340
Turdus philomelos,Passeriformes,Turdidae,B341
Turdus viscivorus,Passeriformes,Turdidae,B342
Cyanopica cyanus,Passeriformes,Corvidae,B441
Coloeus monedula,Passeriformes,Corvidae,B446
Corvus corone,Passeriformes,Corvidae,B448
Calcarius lapponicus,Passeriformes,Calcariidae,B469
Sciurus vulgaris,Rodentia,Sciuridae,M235
Milvus migrans,Accipitriformes,Accipitridae,B89
Haliaeetus albicilla,Accipitriformes,Accipitridae,B90
Gavia arctica,Gaviiformes,Gaviidae,B2
Gavia adamsii,Gaviiformes,Gaviidae,B4
Tachybaptus ruficollis,Podicipediformes,Podicipedidae,B5
Podiceps auritus,Podicipediformes,Podicipedidae,B8
Morus bassanus,Suliformes,Sulidae,B24
Plegadis falcinellus,Pelecaniformes,Threskiornithidae,B41
Phoenicopterus roseus,Phoenicopteriformes,Phoenicopteridae,B43
Cygnus cygnus,Anseriformes,Anatidae,B45
Cygnus columbianus,Anseriformes,Anatidae,B46
Anser fabalis,Anseriformes,Anatidae,B47
Anser brachyrhynchus,Anseriformes,Anatidae,B48
Anser albifrons,Anseriformes,Anatidae,B49
Anser erythropus,Anseriformes,Anatidae,B50
Anser anser,Anseriformes,Anatidae,B51
Branta leucopsis,Anseriformes,Anatidae,B53
Branta bernicla,Anseriformes,Anatidae,B54
Anas penelope,Anseriformes,Anatidae,B58
Anas platyrhynchos,Anseriformes,Anatidae,B61
Anas acuta,Anseriformes,Anatidae,B62
Anas clypeata,Anseriformes,Anatidae,B64
Netta rufina,Anseriformes,Anatidae,B66
Somateria mollissima,Anseriformes,Anatidae,B71
Somateria spectabilis,Anseriformes,Anatidae,B72
Polysticta stelleri,Anseriformes,Anatidae,B73
Histrionicus histrionicus,Anseriformes,Anatidae,B74
Clangula hyemalis,Anseriformes,Anatidae,B75
Melanitta nigra,Anseriformes,Anatidae,B76
Melanitta fusca,Anseriformes,Anatidae,B77
Bucephala islandica,Anseriformes,Anatidae,B79
Lagopus lagopus,Galliformes,Phasianidae,B124
Lagopus muta,Galliformes,Phasianidae,B125
Scolopax rusticola,Charadriiformes,Scolopacidae,B174
Lymnocryptes minimus,Charadriiformes,Scolopacidae,B175
Gallinago stenura,Charadriiformes,Scolopacidae,B176
Gallinago media,Charadriiformes,Scolopacidae,B177
Gallinago gallinago,Charadriiformes,Scolopacidae,B178
Limosa limosa,Charadriiformes,Scolopacidae,B179
Limosa lapponica,Charadriiformes,Scolopacidae,B180
Numenius phaeopus,Charadriiformes,Scolopacidae,B181
Numenius arquata,Charadriiformes,Scolopacidae,B182
Tringa erythropus,Charadriiformes,Scolopacidae,B183
Tringa totanus,Charadriiformes,Scolopacidae,B184
Tringa stagnatilis,Charadriiformes,Scolopacidae,B185
Tringa nebularia,Charadriiformes,Scolopacidae,B186
Tringa ochropus,Charadriiformes,Scolopacidae,B187
Tringa glareola,Charadriiformes,Scolopacidae,B188
Xenus cinereus,Charadriiformes,Scolopacidae,B189
Actitis hypoleucos,Charadriiformes,Scolopacidae,B190
Arenaria interpres,Charadriiformes,Scolopacidae,B191
Calidris canutus,Charadriiformes,Scolopacidae,B192
Calidris alba,Charadriiformes,Scolopacidae,B193
Calidris minuta,Charadriiformes,Scolopacidae,B194
Calidris temminckii,Charadriiformes,Scolopacidae,B195
Calidris melanotos,Charadriiformes,Scolopacidae,B196
Calidris alpina,Charadriiformes,Scolopacidae,B197
Calidris maritima,Charadriiformes,Scolopacidae,B198
Limicola falcinellus,Charadriiformes,Scolopacidae,B199
Philomachus pugnax,Charadriiformes,Scolopacidae,B200
Phalaropus lobatus,Charadriiformes,Scolopacidae,B201
Phalaropus fulicarius,Charadriiformes,Scolopacidae,B202
Stercorarius skua,Charadriiformes,Stercorariidae,B203
Stercorarius pomarinus,Charadriiformes,Stercorariidae,B204
Stercorarius parasiticus,Charadriiformes,Stercorariidae,B205
Stercorarius longicaudus,Charadriiformes,Stercorariidae,B206
Larus canus,Charadriiformes,Laridae,B207
Ichthyaetus audouinii,Charadriiformes,Laridae,B208
Larus marinus,Charadriiformes,Laridae,B209
Larus hyperboreus,Charadriiformes,Laridae,B210
Larus glaucoides,Charadriiformes,Laridae,B211
Larus argentatus,Charadriiformes,Laridae,B212
Larus fuscus,Charadriiformes,Laridae,B213
Larus cachinnans,Charadriiformes,Laridae,B214
Larus armenicus,Charadriiformes,Laridae,B215
Ichthyaetus ichthyaetus,Charadriiformes,Laridae,B216
Ichthyaetus melanocephalus,Charadriiformes,Laridae,B219
Hydrocoloeus minutus,Charadriiformes,Laridae,B220
Pagophila eburnea,Charadriiformes,Laridae,B221
Xema sabini,Charadriiformes,Laridae,B222
Rissa tridactyla,Charadriiformes,Laridae,B223
Alle alle,Charadriiformes,Alcidae,B236
Uria aalge,Charadriiformes,Alcidae,B237
Uria lomvia,Charadriiformes,Alcidae,B238
Alca torda,Charadriiformes,Alcidae,B239
Cepphus grylle,Charadriiformes,Alcidae,B240
Fratercula arctica,Charadriiformes,Alcidae,B241
Calomyscus urartensis,Rodentia,Calomyscidae,M29
Castor fiber,Rodentia,Castoridae,M40
Lepus capensis,Lagomorpha,Leporidae,M96
Lepus castroviejoi,Lagomorpha,Leporidae,M97
Lepus corsicanus,Lagomorpha,Leporidae,M98
Lepus europaeus,Lagomorpha,Leporidae,M99
Lepus granatensis,Lagomorpha,Leporidae,M100
Lepus timidus,Lagomorpha,Leporidae,M101
Lepus tolai,Lagomorpha,Leporidae,M102
Ochotona hyperborea,Lagomorpha,Ochotonidae,M199
Ochotona pusilla,Lagomorpha,Ochotonidae,M200
Oryctolagus cuniculus,Lagomorpha,Leporidae,M201
Emys orbicularis,Testudines,Emydidae,R80
Mauremys caspica,Testudines,Geoemydidae,R148
Mauremys leprosa,Testudines,Geoemydidae,R149
Mauremys rivulata,Testudines,Geoemydidae,R150
Rafetus euphraticus,Testudines,Trionychidae,R187
Testudo graeca,Testudines,Testudinidae,R196
Testudo hermanni,Testudines,Testudinidae,R197
Emys trinacris,Testudines,Emydidae,R198
Testudo marginata,Testudines,Testudinidae,R199
Trionyx triunguis,Testudines,Trionychidae,R202
Vipera ammodytes,Squamata,Viperidae,R206
Vipera berus,Squamata,Viperidae,R208
Vipera darevskii,Squamata,Viperidae,R210
Vipera dinniki,Squamata,Viperidae,R211
Vipera kaznakovi,Squamata,Viperidae,R212
Vipera latastei,Squamata,Viperidae,R213
Vipera berus nikolskii,Squamata,Viperidae,R214
Vipera pontica,Squamata,Viperidae,R215
Vipera transcaucasiana,Squamata,Viperidae,R216
Vipera seoanei,Squamata,Viperidae,R217
Vipera ursinii,Squamata,Viperidae,R218
Vipera renardi,Squamata,Viperidae,R227
Vipera eriwanensis,Squamata,Viperidae,R240
Vipera lotievi,Squamata,Viperidae,R242
Gypaetus barbatus,Accipitriformes,Accipitridae,B91
Neophron percnopterus,Accipitriformes,Accipitridae,B92
Aegypius monachus,Accipitriformes,Accipitridae,B94
Marmota baibacina,Rodentia,Sciuridae,M107
Marmota bobak,Rodentia,Sciuridae,M108
Marmota marmota,Rodentia,Sciuridae,M109
Circaetus gallicus,Accipitriformes,Accipitridae,B95
Coracias garrulus,Coraciiformes,Coraciidae,B281
Zoothera dauma,Passeriformes,Turdidae,B335
Turdus torquatus,Passeriformes,Turdidae,B336
Trapelus agilis,Squamata,Agamidae,R200
Circus aeruginosus,Accipitriformes,Accipitridae,B96
Phasianus colchicus,Galliformes,Phasianidae,B140
Haematopus ostralegus,Charadriiformes,Haematopodidae,B155
Himantopus himantopus,Charadriiformes,Recurvirostridae,B156
Recurvirostra avosetta,Charadriiformes,Recurvirostridae,B157
Pluvialis squatarola,Charadriiformes,Charadriidae,B167
Gelochelidon nilotica,Charadriiformes,Laridae,B224
Thalasseus sandvicensis,Charadriiformes,Laridae,B227
Sterna hirundo,Charadriiformes,Laridae,B229
Sternula albifrons,Charadriiformes,Laridae,B231
Chlidonias hybrida,Charadriiformes,Laridae,B233
Chlidonias leucopterus,Charadriiformes,Laridae,B234
Chlidonias niger,Charadriiformes,Laridae,B235
Vanellus gregarius,Charadriiformes,Charadriidae,B514
Circus cyaneus,Accipitriformes,Accipitridae,B97
Iduna caligata,Passeriformes,Acrocephalidae,B358
Iduna pallida,Passeriformes,Acrocephalidae,B359
Hippolais languida,Passeriformes,Acrocephalidae,B360
Hippolais olivetorum,Passeriformes,Acrocephalidae,B361
Hippolais polyglotta,Passeriformes,Acrocephalidae,B362
Hippolais icterina,Passeriformes,Acrocephalidae,B363
Phylloscopus trochilus,Passeriformes,Phylloscopidae,B364
Phylloscopus collybita,Passeriformes,Phylloscopidae,B365
Phylloscopus sindianus lorenzii,Passeriformes,Phylloscopidae,B366
Phylloscopus bonelli,Passeriformes,Phylloscopidae,B367
Phylloscopus sibillatrix,Passeriformes,Phylloscopidae,B368
Phylloscopus inornatus,Passeriformes,Phylloscopidae,B369
Phylloscopus borealis,Passeriformes,Phylloscopidae,B370
Phylloscopus trochiloides,Passeriformes,Phylloscopidae,B371
Phoenicurus ochruros,Passeriformes,Muscicapidae,B399
Phoenicurus phoenicurus,Passeriformes,Muscicapidae,B400
Circus macrourus,Accipitriformes,Accipitridae,B98
Lyrurus tetrix,Galliformes,Phasianidae,B127
Tetrastes bonasia,Galliformes,Phasianidae,B129
Alectoris graeca,Galliformes,Phasianidae,B132
Alectoris chukar,Galliformes,Phasianidae,B133
Alectoris barbara,Galliformes,Phasianidae,B134
Alectoris rufa,Galliformes,Phasianidae,B135
Ammoperdix griseogularis,Galliformes,Phasianidae,B136
Francolinus francolinus,Galliformes,Phasianidae,B137
Coturnix coturnix,Galliformes,Phasianidae,B139
Asio flammeus,Strigiformes,Strigidae,B267
Circus pygargus,Accipitriformes,Accipitridae,B99
Accipiter brevipes,Accipitriformes,Accipitridae,B100
Merops superciliosus,Coraciiformes,Meropidae,B279
Merops apiaster,Coraciiformes,Meropidae,B280
Aegithalos caudatus,Passeriformes,Aegithalidae,B413
Poecile lugubris,Passeriformes,Paridae,B414
Poecile palustris,Passeriformes,Paridae,B415
Poecile montanus,Passeriformes,Paridae,B416
Poecile cinctus,Passeriformes,Paridae,B417
Periparus ater,Passeriformes,Paridae,B418
Parus major,Passeriformes,Paridae,B420
Cyanistes caeruleus,Passeriformes,Paridae,B421
Nyctalus noctula,Chiroptera,Vespertilionidae,M198
Accipiter nisus,Accipitriformes,Accipitridae,B101
Falco tinnunculus,Falconiformes,Falconidae,B115
Upupa epops,Bucerotiformes,Upupidae,B282
Jynx torquilla,Piciformes,Picidae,B283
Bombycilla garrulus,Passeriformes,Bombycillidae,B325
Prunella montanella,Passeriformes,Prunellidae,B329
Prunella ocularis,Passeriformes,Prunellidae,B330
Prunella atrogularis,Passeriformes,Prunellidae,B331
Prunella modularis,Passeriformes,Prunellidae,B332
Muscicapa striata,Passeriformes,Muscicapidae,B386
Ficedula hypoleuca,Passeriformes,Muscicapidae,B387
Ficedula albicollis,Passeriformes,Muscicapidae,B388
Ficedula semitorquata,Passeriformes,Muscicapidae,B389
Ficedula parva,Passeriformes,Muscicapidae,B390
Erithacus rubecula,Passeriformes,Muscicapidae,B391
Luscinia luscinia,Passeriformes,Muscicapidae,B392
Luscinia megarhynchos,Passeriformes,Muscicapidae,B393
Luscinia calliope,Passeriformes,Muscicapidae,B394
Luscinia svecica,Passeriformes,Muscicapidae,B395
Tarsiger cyanurus,Passeriformes,Muscicapidae,B396
Irania gutturalis,Passeriformes,Muscicapidae,B397
Erythropygia galactotes,Passeriformes,Muscicapidae,B398
Oenanthe leucura,Passeriformes,Muscicapidae,B403
Oenanthe oenanthe,Passeriformes,Muscicapidae,B404
Oenanthe finschii,Passeriformes,Muscicapidae,B405
Oenanthe pleschanka,Passeriformes,Muscicapidae,B406
Oenanthe hispanica,Passeriformes,Muscicapidae,B407
Oenanthe chrysopygia,Passeriformes,Muscicapidae,B408
Oenanthe deserti,Passeriformes,Muscicapidae,B409
Oenanthe cypriaca,Passeriformes,Muscicapidae,B410
Oenanthe isabellina,Passeriformes,Muscicapidae,B411
Lophophanes cristatus,Passeriformes,Paridae,B419
Cyanistes cyanus,Passeriformes,Paridae,B422
Certhia familiaris,Passeriformes,Certhiidae,B429
Certhia brachydactyla,Passeriformes,Certhiidae,B430
Garrulus glandarius,Passeriformes,Corvidae,B440
Fringilla montifringilla,Passeriformes,Fringillidae,B472
Pinicola enucleator,Passeriformes,Fringillidae,B473
Loxia pytyopsittacus,Passeriformes,Fringillidae,B476
Loxia scotica,Passeriformes,Fringillidae,B477
Loxia curvirostra,Passeriformes,Fringillidae,B478
Loxia leucoptera,Passeriformes,Fringillidae,B479
Pyrrhula pyrrhula,Passeriformes,Fringillidae,B491
Pyrrhula murina,Passeriformes,Fringillidae,B492
Bucanetes githagineus,Passeriformes,Fringillidae,B495
Bucanetes mongolicus,Passeriformes,Fringillidae,B496
Gymnoris xanthocollis,Passeriformes,Passeridae,B503
Montifringilla nivalis,Passeriformes,Passeridae,B506
Fringilla teydea,Passeriformes,Fringillidae,B510
Eptesicus nilssonii,Chiroptera,Vespertilionidae,M73
Eptesicus serotinus,Chiroptera,Vespertilionidae,M74
Sciurus anomalus,Rodentia,Sciuridae,M234
Accipiter gentilis,Accipitriformes,Accipitridae,B102
Falco vespertinus,Falconiformes,Falconidae,B116
Falco columbarius,Falconiformes,Falconidae,B118
Falco subbuteo,Falconiformes,Falconidae,B119
Falco biarmicus,Falconiformes,Falconidae,B120
Falco peregrinus,Falconiformes,Falconidae,B123
Tetrao urogallus,Galliformes,Phasianidae,B126
Lyrurus mlokosiewiczi,Galliformes,Phasianidae,B128
Tetraogallus caucasicus,Galliformes,Phasianidae,B130
Tetraogallus caspius,Galliformes,Phasianidae,B131
Tetrax tetrax,Otidiformes,Otididae,B154
Burhinus oedicnemus,Charadriiformes,Burhinidae,B158
Glareola pratincola,Charadriiformes,Glareolidae,B159
Glareola nordmanni,Charadriiformes,Glareolidae,B160
Vanellus spinosus,Charadriiformes,Charadriidae,B162
Vanellus indicus,Charadriiformes,Charadriidae,B163
Vanellus leucurus,Charadriiformes,Charadriidae,B165
Pluvialis apricaria,Charadriiformes,Charadriidae,B166
Charadrius hiaticula,Charadriiformes,Charadriidae,B168
Charadrius dubius,Charadriiformes,Charadriidae,B169
Charadrius alexandrinus,Charadriiformes,Charadriidae,B170
Charadrius leschenaultii,Charadriiformes,Charadriidae,B171
Charadrius asiaticus,Charadriiformes,Charadriidae,B172
Charadrius morinellus,Charadriiformes,Charadriidae,B173
Columba trocaz,Columbiformes,Columbidae,B247
Clamator glandarius,Cuculiformes,Cuculidae,B251
Cuculus canorus,Cuculiformes,Cuculidae,B252
Cuculus saturatus,Cuculiformes,Cuculidae,B253
Tyto alba,Strigiformes,Tytonidae,B254
Otus brucei,Strigiformes,Strigidae,B255
Otus scops,Strigiformes,Strigidae,B256
Strix aluco,Strigiformes,Strigidae,B259
Surnia ulula,Strigiformes,Strigidae,B262
Glaucidium passerinum,Strigiformes,Strigidae,B263
Athene noctua,Strigiformes,Strigidae,B264
Aegolius funereus,Strigiformes,Strigidae,B265
Asio otus,Strigiformes,Strigidae,B266
Dendrocopos minor,Piciformes,Picidae,B284
Dendrocopos medius,Piciformes,Picidae,B285
Dendrocopos major,Piciformes,Picidae,B287
Dendrocopos syriacus,Piciformes,Picidae,B288
Picoides tridactylus,Piciformes,Picidae,B289
Dryocopus martius,Piciformes,Picidae,B290
Picus viridis,Piciformes,Picidae,B291
Picus canus,Piciformes,Picidae,B292
Perisoreus infaustus,Passeriformes,Corvidae,B439
Pica pica,Passeriformes,Corvidae,B442
Nucifraga caryocatactes,Passeriformes,Corvidae,B443
Pyrrhocorax pyrrhocorax,Passeriformes,Corvidae,B444
Pyrrhocorax graculus,Passeriformes,Corvidae,B445
Corvus frugilegus,Passeriformes,Corvidae,B447
Corvus corax,Passeriformes,Corvidae,B449
Columba bollii,Columbiformes,Columbidae,B508
Columba junoniae,Columbiformes,Columbidae,B509
Cursorius cursor,Charadriiformes,Glareolidae,B516
Pteromys volans,Rodentia,Sciuridae,M218
Buteo buteo,Accipitriformes,Accipitridae,B103
Muscardinus avellanarius,Rodentia,Gliridae,M162
Tamias sibiricus,Rodentia,Sciuridae,M288
Montivipera raddei,Squamata,Viperidae,R151
Montivipera wagneri,Squamata,Viperidae,R152
Montivipera xanthina,Squamata,Viperidae,R153
Montivipera albizona,Squamata,Viperidae,R205
Montivipera bulgardaghica,Squamata,Viperidae,R209
Pseudocerastes persicus,Squamata,Viperidae,R247
Buteo rufinus,Accipitriformes,Accipitridae,B104
Mustela erminea,Carnivora,Mustelidae,M163
Mustela eversmanii,Carnivora,Mustelidae,M164
Mustela lutreola,Carnivora,Mustelidae,M165
Mustela putorius,Carnivora,Mustelidae,M167
Mustela sibirica,Carnivora,Mustelidae,M168
Paralaudakia caucasia,Squamata,Agamidae,R138
Stellagama stellio,Squamata,Agamidae,R139
Phrynocephalus guttatus,Squamata,Agamidae,R159
Phrynocephalus helioscopus,Squamata,Agamidae,R160
Phrynocephalus mystaceus,Squamata,Agamidae,R161
Phrynocephalus persicus,Squamata,Agamidae,R162
Trapelus lessonae,Squamata,Agamidae,R201
Buteo lagopus,Accipitriformes,Accipitridae,B105
Aquila pomarina,Accipitriformes,Accipitridae,B106
Gloydius intermedius,Squamata,Viperidae,R100
Macrovipera lebetina,Squamata,Viperidae,R145
Macrovipera schweizeri,Squamata,Viperidae,R146
Aquila clanga,Accipitriformes,Accipitridae,B107
Aquila nipalensis,Accipitriformes,Accipitridae,B108
Aquila adalberti,Accipitriformes,Accipitridae,B109
Oceanodroma leucorhoa,Procellariiformes,Hydrobatidae,B21
Oceanodroma castro,Procellariiformes,Hydrobatidae,B22
Pterocles alchata,Pteroclidiformes,Pteroclididae,B242
Pterocles orientalis,Pteroclidiformes,Pteroclididae,B243
Eliomys quercinus,Rodentia,Gliridae,M68
Felis silvestris,Carnivora,Felidae,M80
Herpestes ichneumon,Carnivora,Herpestidae,M88
Meles meles,Carnivora,Mustelidae,M114
Vulpes vulpes,Carnivora,Canidae,M295
Aquila heliaca,Accipitriformes,Accipitridae,B110
Falco naumanni,Falconiformes,Falconidae,B114
Anthropoides virgo,Gruiformes,Gruidae,B142
Grus grus,Gruiformes,Gruidae,B143
Spalax leucodon,Rodentia,Spalacidae,M263
Aquila chrysaetos,Accipitriformes,Accipitridae,B111
Alopex lagopus,Carnivora,Canidae,M11
Canis aureus,Carnivora,Canidae,M30
Dryomys laniger,Rodentia,Gliridae,M65
Dryomys nitedula,Rodentia,Gliridae,M66
Eliomys melanurus,Rodentia,Gliridae,M67
Felis chaus,Carnivora,Felidae,M78
Felis margarita,Carnivora,Felidae,M79
Genetta genetta,Carnivora,Viverridae,M83
Glis glis,Rodentia,Gliridae,M85
Martes foina,Carnivora,Mustelidae,M110
Martes martes,Carnivora,Mustelidae,M111
Martes zibellina,Carnivora,Mustelidae,M112
Myomimus roachi,Rodentia,Gliridae,M172
Myomimus setzeri,Rodentia,Gliridae,M173
Spalax arenarius,Rodentia,Spalacidae,M259
Spalax ehrenbergi,Rodentia,Spalacidae,M260
Spalax giganteus,Rodentia,Spalacidae,M261
Spalax graecus,Rodentia,Spalacidae,M262
Spalax microphthalmus,Rodentia,Spalacidae,M264
Spalax nehringi,Rodentia,Spalacidae,M265
Spalax uralensis,Rodentia,Spalacidae,M266
Spalax zemni,Rodentia,Spalacidae,M267
Vulpes corsac,Carnivora,Canidae,M294
Aquila fasciata,Accipitriformes,Accipitridae,B112
Turnix sylvaticus,Charadriiformes,Turnicidae,B141
Monticola saxatilis,Passeriformes,Muscicapidae,B333
Monticola solitarius,Passeriformes,Muscicapidae,B334
Hieraaetus pennatus,Accipitriformes,Accipitridae,B113
Lanius excubitor,Passeriformes,Laniidae,B434
Blanus cinereus,Squamata,Blanidae,R17
Apus apus,Apodiformes,Apodidae,B271
Plecotus auritus,Chiroptera,Vespertilionidae,M211
Tadarida teniotis,Chiroptera,Molossidae,M279
Falco eleonorae,Falconiformes,Falconidae,B117
Apus melba,Apodiformes,Apodidae,B270
Apus pallidus,Apodiformes,Apodidae,B273
Riparia riparia,Passeriformes,Hirundinidae,B305
Cecropis daurica,Passeriformes,Hirundinidae,B308
Delichon urbicum,Passeriformes,Hirundinidae,B309
Regulus regulus,Passeriformes,Regulidae,B323
Regulus ignicapilla,Passeriformes,Regulidae,B324
Prunella collaris,Passeriformes,Prunellidae,B328
Oriolus oriolus,Passeriformes,Oriolidae,B432
Lanius collurio,Passeriformes,Laniidae,B433
Lanius minor,Passeriformes,Laniidae,B436
Lanius senator,Passeriformes,Laniidae,B438
Ptyonoprogne rupestris,Passeriformes,Hirundinidae,B306
Pycnonotus xanthopygos,Passeriformes,Pycnonotidae,B322
Sitta europaea,Passeriformes,Sittidae,B423
Sitta whiteheadi,Passeriformes,Sittidae,B424
Sitta krueperi,Passeriformes,Sittidae,B425
Sitta neumayer,Passeriformes,Sittidae,B426
Sitta tephronota,Passeriformes,Sittidae,B427
Tichodroma muraria,Passeriformes,Tichodromidae,B428
Remiz pendulinus,Passeriformes,Remizidae,B431
Myotis alcathoe,Chiroptera,Vespertilionidae,M175
Myotis aurascens,Chiroptera,Vespertilionidae,M176
Myotis bechsteinii,Chiroptera,Vespertilionidae,M177
Myotis blythii,Chiroptera,Vespertilionidae,M178
Myotis brandtii,Chiroptera,Vespertilionidae,M179
Myotis capaccinii,Chiroptera,Vespertilionidae,M180
Myotis dasycneme,Chiroptera,Vespertilionidae,M181
Myotis daubentonii,Chiroptera,Vespertilionidae,M182
Myotis emarginatus,Chiroptera,Vespertilionidae,M183
Myotis hajastanicus,Chiroptera,Vespertilionidae,M184
Myotis myotis,Chiroptera,Vespertilionidae,M185
Myotis mystacinus,Chiroptera,Vespertilionidae,M186
Myotis nattereri,Chiroptera,Vespertilionidae,M187
Myotis nipalensis,Chiroptera,Vespertilionidae,M188
Myotis punicus,Chiroptera,Vespertilionidae,M189
Myotis schaubi,Chiroptera,Vespertilionidae,M190
Caprimulgus ruficollis,Caprimulgiformes,Caprimulgidae,B268
Caprimulgus europaeus,Caprimulgiformes,Caprimulgidae,B269
Lanius meridionalis,Passeriformes,Laniidae,B435
Lanius nubicus,Passeriformes,Laniidae,B437
Barbastella barbastellus,Chiroptera,Vespertilionidae,M26
Falco cherrug,Falconiformes,Falconidae,B121
Chlamydotis undulata,Otidiformes,Otididae,B515
Falco rusticolus,Falconiformes,Falconidae,B122
Pipistrellus pipistrellus,Chiroptera,Vespertilionidae,M209
Lyciasalamandra antalyana,Caudata,Salamandridae,A26
Lyciasalamandra atifi,Caudata,Salamandridae,A27
Lyciasalamandra billae,Caudata,Salamandridae,A28
Lyciasalamandra fazilae,Caudata,Salamandridae,A29
Lyciasalamandra flavimembris,Caudata,Salamandridae,A30
Lyciasalamandra helverseni,Caudata,Salamandridae,A31
Lyciasalamandra luschani,Caudata,Salamandridae,A32
Mertensiella caucasica,Caudata,Salamandridae,A33
Neurergus crocatus,Caudata,Salamandridae,A34
Neurergus strauchii,Caudata,Salamandridae,A35
Salamandrella keyserlingii,Caudata,Hynobiidae,A72
Blanus strauchi,Squamata,Blanidae,R18
Otis tarda,Otidiformes,Otididae,B153
Proteus anguinus,Caudata,Proteidae,A43
Speleomantes ambrosii,Caudata,Plethodontidae,A75
Speleomantes flavus,Caudata,Plethodontidae,A76
Speleomantes genei,Caudata,Plethodontidae,A77
Speleomantes imperialis,Caudata,Plethodontidae,A78
Speleomantes italicus,Caudata,Plethodontidae,A79
Speleomantes sarrabusensis,Caudata,Plethodontidae,A80
Speleomantes strinatii,Caudata,Plethodontidae,A81
Speleomantes supramontis,Caudata,Plethodontidae,A82
Puffinus puffinus,Procellariiformes,Procellariidae,B15
Hydrobates pelagicus,Procellariiformes,Hydrobatidae,B20
Hydroprogne caspia,Charadriiformes,Laridae,B225
Thalasseus bengalensis,Charadriiformes,Laridae,B226
Sterna dougallii,Charadriiformes,Laridae,B228
Sterna paradisaea,Charadriiformes,Laridae,B230
Onychoprion fuscatus,Charadriiformes,Laridae,B232
Apus affinis,Apodiformes,Apodidae,B274
Apus caffer,Apodiformes,Apodidae,B275
Apus unicolor,Apodiformes,Apodidae,B272
Nyctalus leisleri,Chiroptera,Vespertilionidae,M197
Pipistrellus kuhlii,Chiroptera,Vespertilionidae,M206
Pipistrellus nathusii,Chiroptera,Vespertilionidae,M208
Plecotus austriacus,Chiroptera,Vespertilionidae,M212
Rhinolophus ferrumequinum,Chiroptera,Rhinolophidae,M226
Eptesicus gobiensis bobrinskoi,Chiroptera,Vespertilionidae,M71
Eptesicus bottae,Chiroptera,Vespertilionidae,M72
Hypsugo savii,Chiroptera,Vespertilionidae,M90
Miniopterus schreibersii,Chiroptera,Miniopteridae,M156
Nyctalus azoreum,Chiroptera,Vespertilionidae,M195
Nyctalus lasiopterus,Chiroptera,Vespertilionidae,M196
Pipistrellus maderensis,Chiroptera,Vespertilionidae,M207
Pipistrellus pygmaeus,Chiroptera,Vespertilionidae,M210
Plecotus kolombatovici,Chiroptera,Vespertilionidae,M213
Plecotus macrobullaris,Chiroptera,Vespertilionidae,M214
Plecotus sardus,Chiroptera,Vespertilionidae,M215
Plecotus teneriffae,Chiroptera,Vespertilionidae,M216
Rhinolophus blasii,Chiroptera,Rhinolophidae,M224
Rhinolophus euryale,Chiroptera,Rhinolophidae,M225
Rhinolophus hipposideros,Chiroptera,Rhinolophidae,M227
Rhinolophus mehelyi,Chiroptera,Rhinolophidae,M228
Rousettus aegyptiacus,Chiroptera,Pteropodidae,M230
Vespertilio murinus,Chiroptera,Vespertilionidae,M292
Barbastella leucomelas,Chiroptera,Vespertilionidae,M27
Miniopterus schreibersii fuliginosus,Chiroptera,Miniopteridae,M155
Bubo bubo,Strigiformes,Strigidae,B257
Bubo scandiacus,Strigiformes,Strigidae,B258
Strix uralensis,Strigiformes,Strigidae,B260
Strix nebulosa,Strigiformes,Strigidae,B261
Halcyon smyrnensis,Coraciiformes,Alcedinidae,B277
Xerotyphlops vermicularis,Squamata,Typhlopidae,R203
Letheobia episcopus,Squamata,Typhlopidae,R248
Puffinus yelkouan,Procellariiformes,Procellariidae,B16
Pelecanus onocrotalus,Pelecaniformes,Pelecanidae,B28
Pelecanus crispus,Pelecaniformes,Pelecanidae,B29
Alcedo atthis,Coraciiformes,Alcedinidae,B276
Ceryle rudis,Coraciiformes,Alcedinidae,B278
Hystrix indica,Rodentia,Hystricidae,M92
Lutra lutra,Carnivora,Mustelidae,M103
Felis manul,Carnivora,Felidae,M202
Vormela peregusna,Carnivora,Mustelidae,M293
Eryx jaculus,Squamata,Boidae,R88
Eryx miliaris,Squamata,Boidae,R89
Varanus griseus,Squamata,Varanidae,R204
Canis lupus,Carnivora,Canidae,M31
Alces alces,Artiodactyla,Cervidae,M4
Bison bonasus,Artiodactyla,Bovidae,M28
Capra hircus aegagrus,Artiodactyla,Bovidae,M32
Capra caucasica,Artiodactyla,Bovidae,M33
Capra caucasica cylindricornis,Artiodactyla,Bovidae,M34
Capra ibex,Artiodactyla,Bovidae,M36
Capra pyrenaica,Artiodactyla,Bovidae,M37
Capreolus capreolus,Artiodactyla,Cervidae,M38
Capreolus pygargus,Artiodactyla,Cervidae,M39
Cervus elaphus,Artiodactyla,Cervidae,M41
Dama dama,Artiodactyla,Cervidae,M59
Gazella subgutturosa,Artiodactyla,Bovidae,M82
Hystrix cristata,Rodentia,Hystricidae,M91
Meles leucurus,Carnivora,Mustelidae,M113
Ovis aries orientalis,Artiodactyla,Bovidae,M204
Rangifer tarandus,Artiodactyla,Cervidae,M221
Rupicapra pyrenaica,Artiodactyla,Bovidae,M231
Rupicapra rupicapra,Artiodactyla,Bovidae,M232
Saiga tatarica,Artiodactyla,Bovidae,M233
Sus scrofa,Artiodactyla,Suidae,M278
Gulo gulo,Carnivora,Mustelidae,M86
Hyaena hyaena,Carnivora,Hyaenidae,M89
Lynx lynx,Carnivora,Felidae,M104
Lynx pardinus,Carnivora,Felidae,M105
Myriopholis macrorhyncha,Squamata,Leptotyphlopidae,R140
Panthera pardus,Carnivora,Felidae,M205
Ovis aries,Artiodactyla,Bovidae,M203
Ursus arctos,Carnivora,Ursidae,M290
Ursus maritimus,Carnivora,Ursidae,M291
Cinclus cinclus,Passeriformes,Cinclidae,B326
