Species_ID,body_mass_g,body_length_max_mm,Class,Order,Family,Species
A1,NA,50,Amphibia,Anura,Alytidae,Alytes cisternasii
A2,NA,56.5,Amphibia,Anura,Alytidae,Alytes dickhilleni
A3,NA,40,Amphibia,Anura,Alytidae,Alytes muletensis
A4,NA,55,Amphibia,Anura,Alytidae,Alytes obstetricans
A77,NA,124,Amphibia,Caudata,Plethodontidae,Atylodes genei
A5,NA,50,Amphibia,Anura,Bombinatoridae,Bombina bombina
A6,NA,60,Amphibia,Anura,Bombinatoridae,Bombina pachypus
A7,NA,60,Amphibia,Anura,Bombinatoridae,Bombina variegata
A8,NA,220,Amphibia,Anura,Bufonidae,Bufo bufo
A10,NA,190,Amphibia,Anura,Bufonidae,Bufo verrucosissimus
A99,NA,102,Amphibia,Caudata,Salamandridae,Calotriton arnoldi
A18,NA,170,Amphibia,Caudata,Salamandridae,Calotriton asper
A12,NA,164,Amphibia,Caudata,Salamandridae,Chioglossa lusitanica
A13,NA,65,Amphibia,Anura,Alytidae,Discoglossus galganoi
A14,NA,63,Amphibia,Anura,Alytidae,Discoglossus jeanneae
A15,NA,65,Amphibia,Anura,Alytidae,Discoglossus montalentii
A16,NA,65,Amphibia,Anura,Alytidae,Discoglossus pictus
A17,NA,75,Amphibia,Anura,Alytidae,Discoglossus sardus
A9,NA,100,Amphibia,Anura,Bufonidae,Epidalea calamita
A19,NA,110,Amphibia,Caudata,Salamandridae,Euproctus montanus
A20,NA,140,Amphibia,Caudata,Salamandridae,Euproctus platycephalus
A21,NA,60,Amphibia,Anura,Hylidae,Hyla arborea
A22,NA,55,Amphibia,Anura,Hylidae,Hyla intermedia
A23,NA,65,Amphibia,Anura,Hylidae,Hyla meridionalis
A24,NA,50,Amphibia,Anura,Hylidae,Hyla sarda
A25,NA,50,Amphibia,Anura,Hylidae,Hyla savignyi
A84,NA,97,Amphibia,Caudata,Salamandridae,Lissotriton boscai
A88,NA,95,Amphibia,Caudata,Salamandridae,Lissotriton helveticus
A89,NA,95,Amphibia,Caudata,Salamandridae,Lissotriton italicus
A92,NA,100,Amphibia,Caudata,Salamandridae,Lissotriton montandoni
A95,NA,117,Amphibia,Caudata,Salamandridae,Lissotriton vulgaris
A26,NA,139,Amphibia,Caudata,Salamandridae,Lyciasalamandra antalyana
A27,NA,164,Amphibia,Caudata,Salamandridae,Lyciasalamandra atifi
A28,NA,139,Amphibia,Caudata,Salamandridae,Lyciasalamandra billae
A29,NA,125,Amphibia,Caudata,Salamandridae,Lyciasalamandra fazilae
A30,NA,124,Amphibia,Caudata,Salamandridae,Lyciasalamandra flavimembris
A31,NA,140,Amphibia,Caudata,Salamandridae,Lyciasalamandra helverseni
A32,NA,131,Amphibia,Caudata,Salamandridae,Lyciasalamandra luschani
A33,NA,208,Amphibia,Caudata,Salamandridae,Mertensiella caucasica
A83,NA,130,Amphibia,Caudata,Salamandridae,Mesotriton alpestris
A34,NA,180,Amphibia,Caudata,Salamandridae,Neurergus crocatus
A35,NA,190,Amphibia,Caudata,Salamandridae,Neurergus strauchii
A97,NA,170,Amphibia,Caudata,Salamandridae,Ommatotriton ophryticus
A94,NA,150,Amphibia,Caudata,Salamandridae,Ommatotriton vittatus
A36,NA,125,Amphibia,Anura,Pelobatidae,Pelobates cultripes
A37,NA,80,Amphibia,Anura,Pelobatidae,Pelobates fuscus
A38,NA,90,Amphibia,Anura,Pelobatidae,Pelobates syriacus
A39,NA,52,Amphibia,Anura,Pelodytidae,Pelodytes caucasicus
A40,NA,43,Amphibia,Anura,Pelodytidae,Pelodytes ibericus
A41,NA,47,Amphibia,Anura,Pelodytidae,Pelodytes punctatus
A45,NA,93,Amphibia,Anura,Ranidae,Pelophylax bedriagae
A46,NA,80,Amphibia,Anura,Ranidae,Pelophylax bergeri
A96,NA,89,Amphibia,Anura,Ranidae,Pelophylax caralitanus
A47,NA,41,Amphibia,Anura,Ranidae,Pelophylax cerigensis
A48,NA,70,Amphibia,Anura,Ranidae,Pelophylax cretensis
A50,NA,83,Amphibia,Anura,Ranidae,Pelophylax epeiroticus
A51,NA,120,Amphibia,Anura,Ranidae,Pelophylax esculentus
A53,NA,100,Amphibia,Anura,Ranidae,Pelophylax grafi
A54,NA,83,Amphibia,Anura,Ranidae,Pelophylax hispanicus
A57,NA,76,Amphibia,Anura,Ranidae,Pelophylax kurtmuelleri
A59,NA,83,Amphibia,Anura,Ranidae,Pelophylax lessonae
A61,NA,100,Amphibia,Anura,Ranidae,Pelophylax perezi
A63,NA,135,Amphibia,Anura,Ranidae,Pelophylax ridibundus
A64,NA,74,Amphibia,Anura,Ranidae,Pelophylax shqipericus
A42,NA,312,Amphibia,Caudata,Salamandridae,Pleurodeles waltl
A43,NA,250,Amphibia,Caudata,Proteidae,Proteus anguinus
A100,NA,85,Amphibia,Anura,Bufonidae,Pseudepidalea balearica
A101,NA,85,Amphibia,Anura,Bufonidae,Pseudepidalea boulengeri
A102,NA,85,Amphibia,Anura,Bufonidae,Pseudepidalea sicula
A103,NA,85,Amphibia,Anura,Bufonidae,Pseudepidalea variabilis
A11,NA,85,Amphibia,Anura,Bufonidae,Pseudepidalea viridis
A44,NA,80,Amphibia,Anura,Ranidae,Rana arvalis
A49,NA,90,Amphibia,Anura,Ranidae,Rana dalmatina
A52,NA,80,Amphibia,Anura,Ranidae,Rana graeca
A98,NA,NA,Amphibia,Anura,Ranidae,Rana holtzi
A55,NA,50,Amphibia,Anura,Ranidae,Rana iberica
A56,NA,64,Amphibia,Anura,Ranidae,Rana italica
A58,NA,60,Amphibia,Anura,Ranidae,Rana latastei
A60,NA,NA,Amphibia,Anura,Ranidae,Rana macrocnemis
A62,NA,50,Amphibia,Anura,Ranidae,Rana pyrenaica
A65,NA,NA,Amphibia,Anura,Ranidae,Rana tavasensis
A66,NA,110,Amphibia,Anura,Ranidae,Rana temporaria
A67,NA,151,Amphibia,Caudata,Salamandridae,Salamandra atra
A68,NA,210,Amphibia,Caudata,Salamandridae,Salamandra corsica
A69,NA,324,Amphibia,Caudata,Salamandridae,Salamandra infraimmaculata
A70,NA,190,Amphibia,Caudata,Salamandridae,Salamandra lanzai
A71,NA,280,Amphibia,Caudata,Salamandridae,Salamandra salamandra
A72,NA,140,Amphibia,Caudata,Hynobiidae,Salamandrella keyserlingii
A73,NA,134,Amphibia,Caudata,Salamandridae,Salamandrina perspicillata
A74,NA,88,Amphibia,Caudata,Salamandridae,Salamandrina terdigitata
A75,NA,116,Amphibia,Caudata,Plethodontidae,Speleomantes ambrosii
A76,NA,146,Amphibia,Caudata,Plethodontidae,Speleomantes flavus
A78,NA,150,Amphibia,Caudata,Plethodontidae,Speleomantes imperialis
A79,NA,120,Amphibia,Caudata,Plethodontidae,Speleomantes italicus
A80,NA,150,Amphibia,Caudata,Plethodontidae,Speleomantes sarrabusensis
A81,NA,128,Amphibia,Caudata,Plethodontidae,Speleomantes strinatii
A82,NA,143,Amphibia,Caudata,Plethodontidae,Speleomantes supramontis
A85,NA,210,Amphibia,Caudata,Salamandridae,Triturus carnifex
A86,NA,160,Amphibia,Caudata,Salamandridae,Triturus cristatus
A87,NA,130,Amphibia,Caudata,Salamandridae,Triturus dobrogicus
A90,NA,180,Amphibia,Caudata,Salamandridae,Triturus karelinii
A104,NA,200,Amphibia,Caudata,Salamandridae,Triturus macedonicus
A91,NA,170,Amphibia,Caudata,Salamandridae,Triturus marmoratus
A93,NA,140,Amphibia,Caudata,Salamandridae,Triturus pygmaeus
B1,1423,NA,Aves,Gaviiformes,Gaviidae,Gavia stellata
B10,795,NA,Aves,Procellariiformes,Procellariidae,Fulmarus glacialis
B100,218,NA,Aves,Falconiformes,Accipitridae,Accipiter brevipes
B101,155,NA,Aves,Falconiformes,Accipitridae,Accipiter nisus
B102,800,NA,Aves,Falconiformes,Accipitridae,Accipiter gentilis
B103,875,NA,Aves,Falconiformes,Accipitridae,Buteo buteo
B104,1175,NA,Aves,Falconiformes,Accipitridae,Buteo rufinus
B105,925.8,NA,Aves,Falconiformes,Accipitridae,Buteo lagopus
B106,1400,NA,Aves,Falconiformes,Accipitridae,Aquila pomarina
B107,1953,NA,Aves,Falconiformes,Accipitridae,Aquila clanga
B108,2723,NA,Aves,Falconiformes,Accipitridae,Aquila nipalensis
B109,3492,NA,Aves,Falconiformes,Accipitridae,Aquila adalberti
B11,331,NA,Aves,Procellariiformes,Procellariidae,Pterodroma deserta (was previously lumped with P. feae)
B110,3184,NA,Aves,Falconiformes,Accipitridae,Aquila heliaca
B111,4775,NA,Aves,Falconiformes,Accipitridae,Aquila chrysaetos
B112,2050,NA,Aves,Falconiformes,Accipitridae,Hieraaetus fasciatus
B113,875,NA,Aves,Falconiformes,Accipitridae,Hieraaetus pennatus
B114,150,NA,Aves,Falconiformes,Falconidae,Falco naumanni
B115,245,NA,Aves,Falconiformes,Falconidae,Falco tinnunculus
B116,159,NA,Aves,Falconiformes,Falconidae,Falco vespertinus
B117,369,NA,Aves,Falconiformes,Falconidae,Falco eleonorae
B118,202.597,NA,Aves,Falconiformes,Falconidae,Falco columbarius
B119,235,NA,Aves,Falconiformes,Falconidae,Falco subbuteo
B12,331,NA,Aves,Procellariiformes,Procellariidae,Pterodroma madeira
B120,675,NA,Aves,Falconiformes,Falconidae,Falco biarmicus
B121,988,NA,Aves,Falconiformes,Falconidae,Falco cherrug
B122,1425,NA,Aves,Falconiformes,Falconidae,Falco rusticolus
B123,950,NA,Aves,Falconiformes,Falconidae,Falco peregrinus
B124,551,NA,Aves,Galliformes,Phasianidae,Lagopus lagopus
B125,700,NA,Aves,Galliformes,Phasianidae,Lagopus muta
B126,2550,NA,Aves,Galliformes,Phasianidae,Tetrao urogallus
B127,1084.53,NA,Aves,Galliformes,Phasianidae,Tetrao tetrix
B128,815.5,NA,Aves,Galliformes,Phasianidae,Tetrao mlokosiewiczi
B129,391.23,NA,Aves,Galliformes,Phasianidae,Bonasa bonasia
B13,93.4,NA,Aves,Procellariiformes,Procellariidae,Bulweria bulwerii
B130,1833.45,NA,Aves,Galliformes,Phasianidae,Tetraogallus caucasicus
B131,2514.15,NA,Aves,Galliformes,Phasianidae,Tetraogallus caspius
B132,625,NA,Aves,Galliformes,Phasianidae,Alectoris graeca
B133,518.5,NA,Aves,Galliformes,Phasianidae,Alectoris chukar
B134,544.5,NA,Aves,Galliformes,Phasianidae,Alectoris barbara
B135,425,NA,Aves,Galliformes,Phasianidae,Alectoris rufa
B136,197,NA,Aves,Galliformes,Phasianidae,Ammoperdix griseogularis
B137,456,NA,Aves,Galliformes,Phasianidae,Francolinus francolinus
B138,400,NA,Aves,Galliformes,Phasianidae,Perdix perdix
B139,102.5,NA,Aves,Galliformes,Phasianidae,Coturnix coturnix
B14,864,NA,Aves,Procellariiformes,Procellariidae,Calonectris diomedea
B140,1150,NA,Aves,Galliformes,Phasianidae,Phasianus colchicus
B141,65,NA,Aves,Gruiformes,Turnicidae,Turnix sylvatica
B142,2229,NA,Aves,Gruiformes,Gruidae,Anthropoides virgo
B143,5468.6,NA,Aves,Gruiformes,Gruidae,Grus grus
B144,137.5,NA,Aves,Gruiformes,Rallidae,Rallus aquaticus
B145,167.5,NA,Aves,Gruiformes,Rallidae,Crex crex
B146,48,NA,Aves,Gruiformes,Rallidae,Porzana parva
B147,44,NA,Aves,Gruiformes,Rallidae,Porzana pusilla
B148,87.5,NA,Aves,Gruiformes,Rallidae,Porzana porzana
B149,796.5,NA,Aves,Gruiformes,Rallidae,Porphyrio porphyrio
B15,452,NA,Aves,Procellariiformes,Procellariidae,Puffinus puffinus
B150,330,NA,Aves,Gruiformes,Rallidae,Gallinula chloropus
B151,917.5,NA,Aves,Gruiformes,Rallidae,Fulica cristata
B152,775,NA,Aves,Gruiformes,Rallidae,Fulica atra
B153,4962.21,NA,Aves,Gruiformes,Otididae,Otis tarda
B154,825,NA,Aves,Galliformes,Phasianidae,Tetrax tetrax
B155,550,NA,Aves,Charadriiformes,Haematopodidae,Haematopus ostralegus
B156,180,NA,Aves,Charadriiformes,Recurvirostridae,Himantopus himantopus
B157,325,NA,Aves,Charadriiformes,Recurvirostridae,Recurvirostra avosetta
B158,410,NA,Aves,Charadriiformes,Burhinidae,Burhinus oedicnemus
B159,77.1,NA,Aves,Charadriiformes,Glareolidae,Glareola pratincola
B16,451,NA,Aves,Procellariiformes,Procellariidae,Puffinus yelkouan
B160,97.3,NA,Aves,Charadriiformes,Glareolidae,Glareola nordmanni
B161,230,NA,Aves,Charadriiformes,Charadriidae,Vanellus vanellus
B162,148,NA,Aves,Charadriiformes,Charadriidae,Hoplopterus spinosus
B163,192,NA,Aves,Charadriiformes,Charadriidae,Hoplopterus indicus
B165,124.8,NA,Aves,Charadriiformes,Charadriidae,Chettusia leucura
B166,208.83,NA,Aves,Charadriiformes,Charadriidae,Pluvialis apricaria
B167,234.63,NA,Aves,Charadriiformes,Charadriidae,Pluvialis squatarola
B168,63.363,NA,Aves,Charadriiformes,Charadriidae,Charadrius hiaticula
B169,40,NA,Aves,Charadriiformes,Charadriidae,Charadrius dubius
B17,521.5,NA,Aves,Procellariiformes,Procellariidae,Puffinus mauretanicus
B170,50,NA,Aves,Charadriiformes,Charadriidae,Charadrius alexandrinus
B171,87.6,NA,Aves,Charadriiformes,Charadriidae,Charadrius leschenaultii
B172,76.74,NA,Aves,Charadriiformes,Charadriidae,Charadrius asiaticus
B173,108.43,NA,Aves,Charadriiformes,Charadriidae,Charadrius morinellus
B174,335,NA,Aves,Charadriiformes,Scolopacidae,Scolopax rusticola
B175,50.3,NA,Aves,Charadriiformes,Scolopacidae,Lymnocryptes minimus
B176,122,NA,Aves,Charadriiformes,Scolopacidae,Gallinago stenura
B177,177,NA,Aves,Charadriiformes,Scolopacidae,Gallinago media
B178,100,NA,Aves,Charadriiformes,Scolopacidae,Gallinago gallinago
B179,300,NA,Aves,Charadriiformes,Scolopacidae,Limosa limosa
B18,222.5,NA,Aves,Procellariiformes,Procellariidae,Puffinus assimilis
B180,311,NA,Aves,Charadriiformes,Scolopacidae,Limosa lapponica
B181,393.5,NA,Aves,Charadriiformes,Scolopacidae,Numenius phaeopus
B182,762.5,NA,Aves,Charadriiformes,Scolopacidae,Numenius arquata
B183,164.71,NA,Aves,Charadriiformes,Scolopacidae,Tringa erythropus
B184,120,NA,Aves,Charadriiformes,Scolopacidae,Tringa totanus
B185,70.32,NA,Aves,Charadriiformes,Scolopacidae,Tringa stagnatilis
B186,173.5,NA,Aves,Charadriiformes,Scolopacidae,Tringa nebularia
B187,79.11,NA,Aves,Charadriiformes,Scolopacidae,Tringa ochropus
B188,71.43,NA,Aves,Charadriiformes,Scolopacidae,Tringa glareola
B189,79.25,NA,Aves,Charadriiformes,Scolopacidae,Xenus cinereus
B19,48.9,NA,Aves,Procellariiformes,Hydrobatidae,Pelagodroma marina
B190,46.4125,NA,Aves,Charadriiformes,Scolopacidae,Actitis hypoleucos
B191,110.5,NA,Aves,Charadriiformes,Scolopacidae,Arenaria interpres
B192,148,NA,Aves,Charadriiformes,Scolopacidae,Calidris canutus
B193,75.7,NA,Aves,Charadriiformes,Scolopacidae,Calidris alba
B194,23.475,NA,Aves,Charadriiformes,Scolopacidae,Calidris minuta
B195,25.1667,NA,Aves,Charadriiformes,Scolopacidae,Calidris temminckii
B196,76.7,NA,Aves,Charadriiformes,Scolopacidae,Calidris melanotos
B197,47.528,NA,Aves,Charadriiformes,Scolopacidae,Calidris alpina
B198,68.8,NA,Aves,Charadriiformes,Scolopacidae,Calidris maritima
B199,37,NA,Aves,Charadriiformes,Scolopacidae,Limicola falcinellus
B2,1987,NA,Aves,Gaviiformes,Gaviidae,Gavia arctica
B20,25.8,NA,Aves,Procellariiformes,Hydrobatidae,Hydrobates pelagicus
B200,144.36,NA,Aves,Charadriiformes,Scolopacidae,Philomachus pugnax
B201,34.9,NA,Aves,Charadriiformes,Scolopacidae,Phalaropus lobatus
B202,59.22,NA,Aves,Charadriiformes,Scolopacidae,Phalaropus fulicarius
B203,1431.5,NA,Aves,Charadriiformes,Stercorariidae,Stercorarius skua
B204,703.5,NA,Aves,Charadriiformes,Stercorariidae,Stercorarius pomarinus
B205,458.08,NA,Aves,Charadriiformes,Stercorariidae,Stercorarius parasiticus
B206,289.38,NA,Aves,Charadriiformes,Stercorariidae,Stercorarius longicaudus
B207,403,NA,Aves,Charadriiformes,Laridae,Larus canus
B208,562,NA,Aves,Charadriiformes,Laridae,Larus audouinii
B209,1650,NA,Aves,Charadriiformes,Laridae,Larus marinus
B21,44.7,NA,Aves,Procellariiformes,Hydrobatidae,Oceanodroma leucorhoa
B210,1466,NA,Aves,Charadriiformes,Laridae,Larus hyperboreus
B211,863,NA,Aves,Charadriiformes,Laridae,Larus glaucoides
B212,1000,NA,Aves,Charadriiformes,Laridae,Larus argentatus
B213,813.5,NA,Aves,Charadriiformes,Laridae,Larus fuscus
B214,924,NA,Aves,Charadriiformes,Laridae,Larus cachinnans
B215,866.7,NA,Aves,Charadriiformes,Laridae,Larus armenicus
B216,1378,NA,Aves,Charadriiformes,Laridae,Larus ichthyaetus
B217,287.5,NA,Aves,Charadriiformes,Laridae,Larus ridibundus
B218,284,NA,Aves,Charadriiformes,Laridae,Larus genei
B219,300,NA,Aves,Charadriiformes,Laridae,Larus melanocephalus
B22,42.6,NA,Aves,Procellariiformes,Hydrobatidae,Oceanodroma castro
B220,99,NA,Aves,Charadriiformes,Laridae,Larus minutus
B221,529.5,NA,Aves,Charadriiformes,Laridae,Pagophila eburnea
B222,175.6,NA,Aves,Charadriiformes,Laridae,Larus sabini
B223,387,NA,Aves,Charadriiformes,Laridae,Rissa tridactyla
B224,250,NA,Aves,Charadriiformes,Laridae,Gelochelidon nilotica
B225,624,NA,Aves,Charadriiformes,Laridae,Sterna caspia
B226,204,NA,Aves,Charadriiformes,Laridae,Sterna bengalensis
B227,235,NA,Aves,Charadriiformes,Laridae,Sterna sandvicensis
B228,116,NA,Aves,Charadriiformes,Laridae,Sterna dougallii
B229,120,NA,Aves,Charadriiformes,Laridae,Sterna hirundo
B23,700,NA,Aves,Pelecaniformes,Phaethontidae,Phaethon aethereus
B230,107.33,NA,Aves,Charadriiformes,Laridae,Sterna paradisaea
B231,57.5,NA,Aves,Charadriiformes,Laridae,Sterna albifrons
B232,180,NA,Aves,Charadriiformes,Laridae,Sterna fuscata
B233,87.5,NA,Aves,Charadriiformes,Laridae,Chlidonias hybrida
B234,64.295,NA,Aves,Charadriiformes,Laridae,Chlidonias leucopterus
B235,62.5,NA,Aves,Charadriiformes,Laridae,Chlidonias niger
B236,160.5,NA,Aves,Charadriiformes,Alcidae,Alle alle
B237,923.84,NA,Aves,Charadriiformes,Alcidae,Uria aalge
B238,958.75,NA,Aves,Charadriiformes,Alcidae,Uria lomvia
B239,636,NA,Aves,Charadriiformes,Alcidae,Alca torda
B24,3015,NA,Aves,Pelecaniformes,Sulidae,Morus bassanus
B240,395.8,NA,Aves,Charadriiformes,Alcidae,Cepphus grylle
B241,460.1,NA,Aves,Charadriiformes,Alcidae,Fratercula arctica
B242,242.5,NA,Aves,Columbiformes,Pteroclididae,Pterocles alchata
B243,425.25,NA,Aves,Columbiformes,Pteroclididae,Pterocles orientalis
B244,270,NA,Aves,Columbiformes,Columbidae,Columba livia
B245,295,NA,Aves,Columbiformes,Columbidae,Columba oenas
B246,485,NA,Aves,Columbiformes,Columbidae,Columba palumbus
B247,462.5,NA,Aves,Columbiformes,Columbidae,Columba trocaz
B248,187.5,NA,Aves,Columbiformes,Columbidae,Streptopelia turtur
B249,187.5,NA,Aves,Columbiformes,Columbidae,Streptopelia decaocto
B25,2250,NA,Aves,Pelecaniformes,Phalacrocoracidae,Phalacrocorax carbo
B250,109.5,NA,Aves,Columbiformes,Columbidae,Streptopelia senegalensis
B251,155,NA,Aves,Cuculiformes,Cuculidae,Clamator glandarius
B252,117.5,NA,Aves,Cuculiformes,Cuculidae,Cuculus canorus
B253,99.34,NA,Aves,Cuculiformes,Cuculidae,Cuculus saturatus
B254,520,NA,Aves,Strigiformes,Tytonidae,Tyto alba
B255,110,NA,Aves,Strigiformes,Strigidae,Otus brucei
B256,85,NA,Aves,Strigiformes,Strigidae,Otus scops
B257,2250,NA,Aves,Strigiformes,Strigidae,Bubo bubo
B258,1797.96,NA,Aves,Strigiformes,Strigidae,Nyctea scandiaca
B259,505,NA,Aves,Strigiformes,Strigidae,Strix aluco
B26,1930,NA,Aves,Pelecaniformes,Phalacrocoracidae,Phalacrocorax aristotelis
B260,775.22,NA,Aves,Strigiformes,Strigidae,Strix uralensis
B261,971.5,NA,Aves,Strigiformes,Strigidae,Strix nebulosa
B262,311.5,NA,Aves,Strigiformes,Strigidae,Surnia ulula
B263,64.3,NA,Aves,Strigiformes,Strigidae,Glaucidium passerinum
B264,170,NA,Aves,Strigiformes,Strigidae,Athene noctua
B265,131.4,NA,Aves,Strigiformes,Strigidae,Aegolius funereus
B266,327.5,NA,Aves,Strigiformes,Strigidae,Asio otus
B267,320,NA,Aves,Strigiformes,Strigidae,Asio flammeus
B268,75,NA,Aves,Caprimulgiformes,Caprimulgidae,Caprimulgus ruficollis
B269,87.5,NA,Aves,Caprimulgiformes,Caprimulgidae,Caprimulgus europaeus
B27,679.2,NA,Aves,Pelecaniformes,Phalacrocoracidae,Phalacrocorax pygmaeus
B270,100,NA,Aves,Apodiformes,Apodidae,Apus melba
B271,41.5,NA,Aves,Apodiformes,Apodidae,Apus apus
B272,22.5,NA,Aves,Apodiformes,Apodidae,Apus unicolor
B273,43,NA,Aves,Apodiformes,Apodidae,Apus pallidus
B274,25,NA,Aves,Apodiformes,Apodidae,Apus affinis
B275,22.1,NA,Aves,Apodiformes,Apodidae,Apus caffer
B276,42.5,NA,Aves,Coraciiformes,Alcedinidae,Alcedo atthis
B277,101,NA,Aves,Coraciiformes,Alcedinidae,Halcyon smyrnensis
B278,95,NA,Aves,Coraciiformes,Alcedinidae,Ceryle rudis
B279,49,NA,Aves,Coraciiformes,Meropidae,Merops superciliosus
B28,11000,NA,Aves,Pelecaniformes,Pelecanidae,Pelecanus onocrotalus
B280,61,NA,Aves,Coraciiformes,Meropidae,Merops apiaster
B281,132.5,NA,Aves,Coraciiformes,Coraciidae,Coracias garrulus
B282,67.5,NA,Aves,Coraciiformes,Upupidae,Upupa epops
B283,37.5,NA,Aves,Piciformes,Picidae,Jynx torquilla
B284,20,NA,Aves,Piciformes,Picidae,Dendrocopos minor
B285,65,NA,Aves,Piciformes,Picidae,Dendrocopos medius
B286,108,NA,NA,NA,NA,Dendrocopos leucotos
B287,80,NA,Aves,Piciformes,Picidae,Dendrocopos major
B288,76.75,NA,Aves,Piciformes,Picidae,Dendrocopos syriacus
B289,63.72,NA,Aves,Piciformes,Picidae,Picoides tridactylus
B29,10687.5,NA,Aves,Pelecaniformes,Pelecanidae,Pelecanus crispus
B290,325,NA,Aves,Piciformes,Picidae,Dryocopus martius
B291,200,NA,Aves,Piciformes,Picidae,Picus viridis
B292,145,NA,Aves,Piciformes,Picidae,Picus canus
B293,26,NA,Aves,Passeriformes,Alaudidae,Ammomanes deserti
B294,65,NA,Aves,Passeriformes,Alaudidae,Melanocorypha calandra
B295,53.3,NA,Aves,Passeriformes,Alaudidae,Melanocorypha bimaculata
B296,45.5,NA,Aves,Passeriformes,Alaudidae,Melanocorypha leucoptera
B297,21.5,NA,Aves,Passeriformes,Alaudidae,Calandrella brachydactyla
B298,23.3083,NA,Aves,Passeriformes,Alaudidae,Calandrella rufescens
B299,21.8,NA,Aves,Passeriformes,Alaudidae,Calandrella cheleensis
B3,4134,NA,Aves,Gaviiformes,Gaviidae,Gavia immer
B30,900,NA,Aves,Ciconiiformes,Ardeidae,Ardea cinerea
B300,39.4,NA,Aves,Passeriformes,Alaudidae,Chersophilus duponti
B301,40,NA,Aves,Passeriformes,Alaudidae,Galerida cristata
B302,26,NA,Aves,Passeriformes,Alaudidae,Lullula arborea
B303,45,NA,Aves,Passeriformes,Alaudidae,Alauda arvensis
B304,36.58,NA,Aves,Passeriformes,Alaudidae,Eremophila alpestris
B305,15,NA,Aves,Passeriformes,Hirundinidae,Riparia riparia
B306,21,NA,Aves,Passeriformes,Hirundinidae,Ptyonoprogne rupestris
B307,20.5,NA,Aves,Passeriformes,Hirundinidae,Hirundo rustica
B308,19.5,NA,Aves,Passeriformes,Hirundinidae,Hirundo daurica
B309,18,NA,Aves,Passeriformes,Hirundinidae,Delichon urbicum
B31,1000,NA,Aves,Ciconiiformes,Ardeidae,Ardea purpurea
B310,21.71,NA,Aves,Passeriformes,Motacillidae,Motacilla alba
B311,21.09,NA,Aves,Passeriformes,Motacillidae,Motacilla citreola
B312,17.2,NA,Aves,Passeriformes,Motacillidae,Motacilla flava
B313,20,NA,Aves,Passeriformes,Motacillidae,Motacilla cinerea
B314,24,NA,Aves,Passeriformes,Motacillidae,Anthus campestris
B315,16.5,NA,Aves,Passeriformes,Motacillidae,Anthus berthelotii
B316,22.5,NA,Aves,Passeriformes,Motacillidae,Anthus trivialis
B317,22.2,NA,Aves,Passeriformes,Motacillidae,Anthus hodgsoni
B318,20.5,NA,Aves,Passeriformes,Motacillidae,Anthus pratensis
B319,20.74,NA,Aves,Passeriformes,Motacillidae,Anthus cervinus
B32,1680,NA,Aves,Ciconiiformes,Ardeidae,Egretta alba
B320,24.6,NA,Aves,Passeriformes,Motacillidae,Anthus petrosus
B321,22,NA,Aves,Passeriformes,Motacillidae,Anthus spinoletta
B322,44,NA,Aves,Passeriformes,Pycnonotidae,Pycnonotus xanthopygos
B323,6,NA,Aves,Passeriformes,Reguliidae,Regulus regulus
B324,6,NA,Aves,Passeriformes,Reguliidae,Regulus ignicapillus
B325,59.94,NA,Aves,Passeriformes,Bombycillidae,Bombycilla garrulus
B326,65,NA,Aves,Passeriformes,Cinclidae,Cinclus cinclus
B327,10.5,NA,Aves,Passeriformes,Troglodytidae,Troglodytes troglodytes
B328,40,NA,Aves,Passeriformes,Prunellidae,Prunella collaris
B329,18.3,NA,Aves,Passeriformes,Prunellidae,Prunella montanella
B33,500,NA,Aves,Ciconiiformes,Ardeidae,Egretta garzetta
B330,25,NA,Aves,Passeriformes,Prunellidae,Prunella ocularis
B331,18.77,NA,Aves,Passeriformes,Prunellidae,Prunella atrogularis
B332,20,NA,Aves,Passeriformes,Prunellidae,Prunella modularis
B333,53.5,NA,Aves,Passeriformes,Muscicapidae,Monticola saxatilis
B334,45.5,NA,Aves,Passeriformes,Muscicapidae,Monticola solitarius
B335,135.68,NA,Aves,Passeriformes,Turdidae,Zoothera dauma
B336,110,NA,Aves,Passeriformes,Turdidae,Turdus torquatus
B337,95,NA,Aves,Passeriformes,Turdidae,Turdus merula
B338,87.83,NA,Aves,Passeriformes,Turdidae,Turdus ruficollis
B339,110,NA,Aves,Passeriformes,Turdidae,Turdus pilaris
B34,275,NA,Aves,Ciconiiformes,Ardeidae,Ardeola ralloides
B340,57.41,NA,Aves,Passeriformes,Turdidae,Turdus iliacus
B341,77.5,NA,Aves,Passeriformes,Turdidae,Turdus philomelos
B342,125,NA,Aves,Passeriformes,Turdidae,Turdus viscivorus
B343,10,NA,Aves,Passeriformes,Cisticolidae,Cisticola juncidis
B344,6.6,NA,Aves,Passeriformes,Cisticolidae,Prinia gracilis
B345,14,NA,Aves,Passeriformes,Sylviidae,Cettia cetti
B346,9.47,NA,Aves,Passeriformes,Sylviidae,Locustella lanceolata
B347,13,NA,Aves,Passeriformes,Sylviidae,Locustella naevia
B348,18.13,NA,Aves,Passeriformes,Sylviidae,Locustella fluviatilis
B349,16,NA,Aves,Passeriformes,Sylviidae,Locustella luscinioides
B35,350,NA,Aves,Ciconiiformes,Ardeidae,Bubulcus ibis
B350,11.28,NA,Aves,Passeriformes,Sylviidae,Acrocephalus melanopogon
B351,12.85,NA,Aves,Passeriformes,Sylviidae,Acrocephalus paludicola
B352,11.5,NA,Aves,Passeriformes,Sylviidae,Acrocephalus schoenobaenus
B353,10.5,NA,Aves,Passeriformes,Sylviidae,Acrocephalus agricola
B354,12.5,NA,Aves,Passeriformes,Sylviidae,Acrocephalus scirpaceus
B355,11.85,NA,Aves,Passeriformes,Sylviidae,Acrocephalus dumetorum
B356,13,NA,Aves,Passeriformes,Sylviidae,Acrocephalus palustris
B357,31,NA,Aves,Passeriformes,Sylviidae,Acrocephalus arundinaceus
B358,8.868,NA,Aves,Passeriformes,Sylviidae,Hippolais caligata
B359,9.5,NA,Aves,Passeriformes,Sylviidae,Hippolais pallida
B36,872.5,NA,Aves,Ciconiiformes,Ardeidae,Nycticorax nycticorax
B360,12,NA,Aves,Passeriformes,Sylviidae,Hippolais languida
B361,18.4,NA,Aves,Passeriformes,Sylviidae,Hippolais olivetorum
B362,12.5,NA,Aves,Passeriformes,Sylviidae,Hippolais polyglotta
B363,17.5,NA,Aves,Passeriformes,Sylviidae,Hippolais icterina
B364,9,NA,Aves,Passeriformes,Sylviidae,Phylloscopus trochilus
B365,7.5,NA,Aves,Passeriformes,Sylviidae,Phylloscopus collybita
B366,8.25,NA,Aves,Passeriformes,Sylviidae,Phylloscopus sindianus
B367,8,NA,Aves,Passeriformes,Sylviidae,Phylloscopus bonelli
B368,9.5,NA,Aves,Passeriformes,Sylviidae,Phylloscopus sibilatrix
B369,6.3,NA,Aves,Passeriformes,Sylviidae,Phylloscopus inornatus
B37,137.5,NA,Aves,Ciconiiformes,Ardeidae,Ixobrychus minutus
B370,10,NA,Aves,Passeriformes,Sylviidae,Phylloscopus borealis
B371,7.42,NA,Aves,Passeriformes,Sylviidae,Phylloscopus trochiloides
B372,17,NA,Aves,Passeriformes,Sylviidae,Sylvia atricapilla
B373,19.5,NA,Aves,Passeriformes,Sylviidae,Sylvia borin
B374,15,NA,Aves,Passeriformes,Sylviidae,Sylvia communis
B375,13,NA,Aves,Passeriformes,Sylviidae,Sylvia curruca
B376,24.77,NA,Aves,Passeriformes,Sylviidae,Sylvia nisoria
B377,23.5,NA,Aves,Passeriformes,Sylviidae,Sylvia hortensis
B378,13.2,NA,Aves,Passeriformes,Sylviidae,Sylvia rueppelli
B379,11,NA,Aves,Passeriformes,Sylviidae,Sylvia cantillans
B38,1000,NA,Aves,Ciconiiformes,Ardeidae,Botaurus stellaris
B380,13,NA,Aves,Passeriformes,Sylviidae,Sylvia melanocephala
B381,11.4,NA,Aves,Passeriformes,Sylviidae,Sylvia melanothorax
B382,9.7,NA,Aves,Passeriformes,Sylviidae,Sylvia mystacea
B383,9,NA,Aves,Passeriformes,Sylviidae,Sylvia conspicillata
B384,11,NA,Aves,Passeriformes,Sylviidae,Sylvia undata
B385,9.6,NA,Aves,Passeriformes,Sylviidae,Sylvia sarda
B386,16,NA,Aves,Passeriformes,Muscicapidae,Muscicapa striata
B387,12,NA,Aves,Passeriformes,Muscicapidae,Ficedula hypoleuca
B388,14.64,NA,Aves,Passeriformes,Muscicapidae,Ficedula albicollis
B389,14.15,NA,Aves,Passeriformes,Muscicapidae,Ficedula semitorquata
B39,3000,NA,Aves,Ciconiiformes,Ciconiidae,Ciconia nigra
B390,9.5,NA,Aves,Passeriformes,Muscicapidae,Ficedula parva
B391,19,NA,Aves,Passeriformes,Muscicapidae,Erithacus rubecula
B392,25,NA,Aves,Passeriformes,Muscicapidae,Luscinia luscinia
B393,22.5,NA,Aves,Passeriformes,Muscicapidae,Luscinia megarhynchos
B394,22,NA,Aves,Passeriformes,Muscicapidae,Luscinia calliope
B395,19,NA,Aves,Passeriformes,Muscicapidae,Luscinia svecica
B396,13.42,NA,Aves,Passeriformes,Muscicapidae,Tarsiger cyanurus
B397,22.9,NA,Aves,Passeriformes,Muscicapidae,Irania gutturalis
B398,20.83,NA,Aves,Passeriformes,Muscicapidae,Cercotrichas galactotes
B399,17,NA,Aves,Passeriformes,Muscicapidae,Phoenicurus ochruros
B4,5231.1,NA,Aves,Gaviiformes,Gaviidae,Gavia adamsii
B40,3250,NA,Aves,Ciconiiformes,Ciconiidae,Ciconia ciconia
B400,16,NA,Aves,Passeriformes,Muscicapidae,Phoenicurus phoenicurus
B401,20,NA,Aves,Passeriformes,Muscicapidae,Saxicola rubetra
B402,15.5,NA,Aves,Passeriformes,Muscicapidae,Saxicola torquata
B403,41,NA,Aves,Passeriformes,Muscicapidae,Oenanthe leucura
B404,23.5,NA,Aves,Passeriformes,Muscicapidae,Oenanthe oenanthe
B405,26.8,NA,Aves,Passeriformes,Muscicapidae,Oenanthe finschii
B406,18.61,NA,Aves,Passeriformes,Muscicapidae,Oenanthe pleschanka
B407,18.5,NA,Aves,Passeriformes,Muscicapidae,Oenanthe hispanica
B408,22.5,NA,Aves,Passeriformes,Muscicapidae,Oenanthe chrysopygia
B409,19.1,NA,Aves,Passeriformes,Muscicapidae,Oenanthe deserti
B41,634,NA,Aves,Ciconiiformes,Threskiornithidae,Plegadis falcinellus
B410,18.6,NA,Aves,Passeriformes,Muscicapidae,Oenanthe cypriaca
B411,27.99,NA,Aves,Passeriformes,Muscicapidae,Oenanthe isabellina
B412,15,NA,Aves,Passeriformes,Timaliidae,Panurus biarmicus
B413,8,NA,Aves,Passeriformes,Aegithalidae,Aegithalos caudatus
B414,15.8,NA,Aves,Passeriformes,Paridae,Parus lugubris
B415,10.5,NA,Aves,Passeriformes,Paridae,Parus palustris
B416,10.5,NA,Aves,Passeriformes,Paridae,Parus montanus
B417,12.45,NA,Aves,Passeriformes,Paridae,Parus cinctus
B418,9,NA,Aves,Passeriformes,Paridae,Parus ater
B419,11.5,NA,Aves,Passeriformes,Paridae,Parus cristatus
B42,1450,NA,Aves,Ciconiiformes,Threskiornithidae,Platalea leucorodia
B420,18.5,NA,Aves,Passeriformes,Paridae,Parus major
B421,10.5,NA,Aves,Passeriformes,Paridae,Parus caeruleus
B422,12.68,NA,Aves,Passeriformes,Paridae,Parus cyanus
B423,21.5,NA,Aves,Passeriformes,Sittidae,Sitta europaea
B424,11.8,NA,Aves,Passeriformes,Sittidae,Sitta whiteheadi
B425,12.5,NA,Aves,Passeriformes,Sittidae,Sitta krueperi
B426,31,NA,Aves,Passeriformes,Sittidae,Sitta neumayer
B427,46.7,NA,Aves,Passeriformes,Sittidae,Sitta tephronota
B428,17.5,NA,Aves,Passeriformes,Sittidae,Tichodroma muraria
B429,9.5,NA,Aves,Passeriformes,Certhiidae,Certhia familiaris
B43,3052,NA,Aves,Phoenicopteriformes,Phoenicopteridae,Phoenicopterus roseus
B430,10,NA,Aves,Passeriformes,Certhiidae,Certhia brachydactyla
B431,8.98,NA,Aves,Passeriformes,Remizidae,Remiz pendulinus
B432,71.5,NA,Aves,Passeriformes,Oriolidae,Oriolus oriolus
B433,34.5,NA,Aves,Passeriformes,Laniidae,Lanius collurio
B434,54.5,NA,Aves,Passeriformes,Laniidae,Lanius excubitor
B435,55.8,NA,Aves,Passeriformes,Laniidae,Lanius meridionalis
B436,49.27,NA,Aves,Passeriformes,Laniidae,Lanius minor
B437,22.8,NA,Aves,Passeriformes,Laniidae,Lanius nubicus
B438,39,NA,Aves,Passeriformes,Laniidae,Lanius senator
B439,82.7,NA,Aves,Passeriformes,Corvidae,Perisoreus infaustus
B44,11000,NA,Aves,Anseriformes,Anatidae,Cygnus olor
B440,165,NA,Aves,Passeriformes,Corvidae,Garrulus glandarius
B441,73.283,NA,Aves,Passeriformes,Corvidae,Cyanopica cyanus
B442,177.5,NA,Aves,Passeriformes,Corvidae,Pica pica
B443,175,NA,Aves,Passeriformes,Corvidae,Nucifraga caryocatactes
B444,320,NA,Aves,Passeriformes,Corvidae,Pyrrhocorax pyrrhocorax
B445,207.5,NA,Aves,Passeriformes,Corvidae,Pyrrhocorax graculus
B446,245,NA,Aves,Passeriformes,Corvidae,Corvus monedula
B447,450,NA,Aves,Passeriformes,Corvidae,Corvus frugilegus
B448,517.622,NA,Aves,Passeriformes,Corvidae,Corvus corone
B449,1145,NA,Aves,Passeriformes,Corvidae,Corvus corax
B45,9535,NA,Aves,Anseriformes,Anatidae,Cygnus cygnus
B450,75.05,NA,Aves,Passeriformes,Sturnidae,Sturnus roseus
B451,78,NA,Aves,Passeriformes,Sturnidae,Sturnus vulgaris
B452,90,NA,Aves,Passeriformes,Sturnidae,Sturnus unicolor
B453,27,NA,Aves,Passeriformes,Emberizidae,Emberiza citrinella
B454,27.5,NA,Aves,Passeriformes,Emberizidae,Emberiza leucocephalos
B455,21,NA,Aves,Passeriformes,Emberizidae,Emberiza cirlus
B456,25,NA,Aves,Passeriformes,Emberizidae,Emberiza cia
B457,21.1,NA,Aves,Passeriformes,Emberizidae,Emberiza buchanani
B458,22.3,NA,Aves,Passeriformes,Emberizidae,Emberiza cineracea
B459,23,NA,Aves,Passeriformes,Emberizidae,Emberiza hortulana
B46,6050,NA,Aves,Anseriformes,Anatidae,Cygnus columbianus
B460,21.1,NA,Aves,Passeriformes,Emberizidae,Emberiza caesia
B461,14.413,NA,Aves,Passeriformes,Emberizidae,Emberiza pusilla
B462,20.55,NA,Aves,Passeriformes,Emberizidae,Emberiza rustica
B463,21.4,NA,Aves,Passeriformes,Emberizidae,Emberiza aureola
B464,28.01,NA,Aves,Passeriformes,Emberizidae,Emberiza melanocephala
B465,24.3,NA,Aves,Passeriformes,Emberizidae,Emberiza bruniceps
B466,14.4,NA,Aves,Passeriformes,Emberizidae,Emberiza pallasi
B467,20.5,NA,Aves,Passeriformes,Emberizidae,Emberiza schoeniclus
B468,46.5,NA,Aves,Passeriformes,Emberizidae,Miliaria calandra
B469,24.093,NA,Aves,Passeriformes,Emberizidae,Calcarius lapponicus
B47,3020.5,NA,Aves,Anseriformes,Anatidae,Anser fabalis
B470,36.21,NA,Aves,Passeriformes,Emberizidae,Plectrophenax nivalis
B471,21.5,NA,Aves,Passeriformes,Fringillidae,Fringilla coelebs
B472,24.5,NA,Aves,Passeriformes,Fringillidae,Fringilla montifringilla
B473,54.55,NA,Aves,Passeriformes,Fringillidae,Pinicola enucleator
B474,22.95,NA,Aves,Passeriformes,Fringillidae,Carpodacus erythrinus
B475,45.9,NA,Aves,Passeriformes,Fringillidae,Carpodacus rubicilla
B476,53.2,NA,Aves,Passeriformes,Fringillidae,Loxia pytyopsittacus
B477,43.2,NA,Aves,Passeriformes,Fringillidae,Loxia scotica
B478,40,NA,Aves,Passeriformes,Fringillidae,Loxia curvirostra
B479,31.7,NA,Aves,Passeriformes,Fringillidae,Loxia leucoptera
B48,2486.2,NA,Aves,Anseriformes,Anatidae,Anser brachyrhynchus
B480,27.9,NA,Aves,Passeriformes,Fringillidae,Carduelis chloris
B481,14.1,NA,Aves,Passeriformes,Fringillidae,Carduelis flammea
B482,12.95,NA,Aves,Passeriformes,Fringillidae,Carduelis hornemanni
B483,12,NA,Aves,Passeriformes,Fringillidae,Carduelis spinus
B484,16,NA,Aves,Passeriformes,Fringillidae,Carduelis carduelis
B485,15.2722,NA,Aves,Passeriformes,Fringillidae,Carduelis flavirostris
B486,17.5,NA,Aves,Passeriformes,Fringillidae,Carduelis cannabina
B487,12,NA,Aves,Passeriformes,Fringillidae,Serinus pusillus
B488,12,NA,Aves,Passeriformes,Fringillidae,Serinus serinus
B489,17.5,NA,Aves,Passeriformes,Fringillidae,Serinus canaria
B49,2587,NA,Aves,Anseriformes,Anatidae,Anser albifrons
B490,12.5,NA,Aves,Passeriformes,Fringillidae,Serinus citrinella
B491,26,NA,Aves,Passeriformes,Fringillidae,Pyrrhula pyrrhula
B492,30,NA,Aves,Passeriformes,Fringillidae,Pyrrhula murina
B493,55,NA,Aves,Passeriformes,Fringillidae,Coccothraustes coccothraustes
B494,39.6,NA,Aves,Passeriformes,Fringillidae,Rhodopechys sanguinea
B495,20.9,NA,Aves,Passeriformes,Fringillidae,Bucanetes githagineus
B496,20.7,NA,Aves,Passeriformes,Fringillidae,Bucanetes mongolicus
B497,26.7,NA,Aves,Passeriformes,Fringillidae,Rhodospiza obsoleta
B498,28,NA,Aves,Passeriformes,Passeridae,Passer italiae
B499,30,NA,Aves,Passeriformes,Passeridae,Passer domesticus
B5,150,NA,Aves,Podicipediformes,Podicipedidae,Tachybaptus ruficollis
B50,1650,NA,Aves,Anseriformes,Anatidae,Anser erythropus
B500,27.78,NA,Aves,Passeriformes,Passeridae,Passer hispaniolensis
B501,18.15,NA,Aves,Passeriformes,Passeridae,Passer moabiticus
B502,22,NA,Aves,Passeriformes,Passeridae,Passer montanus
B503,19,NA,Aves,Passeriformes,Passeridae,Gymnoris xanthocollis
B504,30,NA,Aves,Passeriformes,Passeridae,Petronia petronia
B505,23.2,NA,Aves,Passeriformes,Passeridae,Petronia brachydactyla
B506,35.07,NA,Aves,Passeriformes,Passeridae,Montifringilla nivalis
B507,37.3,NA,Aves,Passeriformes,Alaudidae,Galerida theklae
B508,360,NA,Aves,Columbiformes,Columbidae,Columba bollii
B509,380,NA,Aves,Columbiformes,Columbidae,Columba junoniae
B51,2900,NA,Aves,Anseriformes,Anatidae,Anser anser
B510,30.1,NA,Aves,Passeriformes,Fringillidae,Fringilla teydea
B513,12.1,NA,Aves,Passeriformes,Muscicapidae,Saxicola dacotiae
B514,238,NA,Aves,Charadriiformes,Charadriidae,Vanellus gregarius
B515,NA,NA,Aves,Gruiformes,Otididae,Chlamydotis undulata
B516,NA,NA,Aves,Charadriiformes,Glareolidae,Cursorius cursor
B517,7.5,NA,NA,NA,NA,Phylloscopus ibericus
B518,11,NA,NA,NA,NA,Sylvia albistriata
B519,11,NA,NA,NA,NA,Sylvia subalpina
B520,11,NA,NA,NA,NA,Sylvia inornata
B521,8,NA,NA,NA,NA,Phylloscopus orientalis
B522,6,NA,NA,NA,NA,Regulus madeirensis
B523,12.5,NA,NA,NA,NA,Serinus corsicana
B524,517.622,NA,NA,NA,NA,Corvus cornix
B525,NA,NA,NA,NA,NA,Chlamydotis macqueenii
B526,7.5,NA,NA,NA,NA,Phylloscopus canariensis
B53,1719,NA,Aves,Anseriformes,Anatidae,Branta leucopsis
B54,1411,NA,Aves,Anseriformes,Anatidae,Branta bernicla
B56,1363.46,NA,Aves,Anseriformes,Anatidae,Tadorna ferruginea
B57,1250,NA,Aves,Anseriformes,Anatidae,Tadorna tadorna
B58,691,NA,Aves,Anseriformes,Anatidae,Anas penelope
B59,753,NA,Aves,Anseriformes,Anatidae,Anas strepera
B6,975,NA,Aves,Podicipediformes,Podicipedidae,Podiceps cristatus
B60,325,NA,Aves,Anseriformes,Anatidae,Anas crecca
B61,1125,NA,Aves,Anseriformes,Anatidae,Anas platyrhynchos
B62,818,NA,Aves,Anseriformes,Anatidae,Anas acuta
B63,370,NA,Aves,Anseriformes,Anatidae,Anas querquedula
B64,707.4,NA,Aves,Anseriformes,Anatidae,Anas clypeata
B65,502,NA,Aves,Anseriformes,Anatidae,Marmaronetta angustirostris
B66,1150,NA,Aves,Anseriformes,Anatidae,Netta rufina
B67,900,NA,Aves,Anseriformes,Anatidae,Aythya ferina
B68,553.3,NA,Aves,Anseriformes,Anatidae,Aythya nyroca
B69,725,NA,Aves,Anseriformes,Anatidae,Aythya fuligula
B7,476,NA,Aves,Podicipediformes,Podicipedidae,Podiceps grisegena
B70,1055.3,NA,Aves,Anseriformes,Anatidae,Aythya marila
B71,1966.67,NA,Aves,Anseriformes,Anatidae,Somateria mollissima
B72,1626,NA,Aves,Anseriformes,Anatidae,Somateria spectabilis
B73,850,NA,Aves,Anseriformes,Anatidae,Polysticta stelleri
B74,604,NA,Aves,Anseriformes,Anatidae,Histrionicus histrionicus
B75,741.7778,NA,Aves,Anseriformes,Anatidae,Clangula hyemalis
B76,1209,NA,Aves,Anseriformes,Anatidae,Melanitta nigra
B77,1675,NA,Aves,Anseriformes,Anatidae,Melanitta fusca
B78,850,NA,Aves,Anseriformes,Anatidae,Bucephala clangula
B79,1090,NA,Aves,Anseriformes,Anatidae,Bucephala islandica
B8,394,NA,Aves,Podicipediformes,Podicipedidae,Podiceps auritus
B80,636.83,NA,Aves,Anseriformes,Anatidae,Mergellus albellus
B81,1034.97,NA,Aves,Anseriformes,Anatidae,Mergus serrator
B82,1602.71,NA,Aves,Anseriformes,Anatidae,Mergus merganser
B84,751.88,NA,Aves,Anseriformes,Anatidae,Oxyura leucocephala
B85,1600,NA,Aves,Falconiformes,Accipitridae,Pandion haliaetus
B86,800,NA,Aves,Falconiformes,Accipitridae,Pernis apivorus
B87,232.5,NA,Aves,Falconiformes,Accipitridae,Elanus caeruleus
B88,1025,NA,Aves,Falconiformes,Accipitridae,Milvus milvus
B89,800,NA,Aves,Falconiformes,Accipitridae,Milvus migrans
B9,300,NA,Aves,Podicipediformes,Podicipedidae,Podiceps nigricollis
B90,4793,NA,Aves,Falconiformes,Accipitridae,Haliaeetus albicilla
B91,6000,NA,Aves,Falconiformes,Accipitridae,Gypaetus barbatus
B92,1900,NA,Aves,Falconiformes,Accipitridae,Neophron percnopterus
B93,9250,NA,Aves,Falconiformes,Accipitridae,Gyps fulvus
B94,10000,NA,Aves,Falconiformes,Accipitridae,Aegypius monachus
B95,1750,NA,Aves,Falconiformes,Accipitridae,Circaetus gallicus
B96,600,NA,Aves,Falconiformes,Accipitridae,Circus aeruginosus
B97,550,NA,Aves,Falconiformes,Accipitridae,Circus cyaneus
B98,375.125,NA,Aves,Falconiformes,Accipitridae,Circus macrourus
B99,337.5,NA,Aves,Falconiformes,Accipitridae,Circus pygargus
NA,795,NA,NA,NA,NA,NA
NA,1000,NA,NA,NA,NA,NA
M1,90,NA,Mammalia,Rodentia,Muridae,Acomys cilicicus
M2,86,NA,Mammalia,Rodentia,Muridae,Acomys minous
M3,63,NA,Mammalia,Rodentia,Muridae,Acomys nesiotes
M4,8.00E+05,NA,Mammalia,Cetartiodactyla,Cervidae,Alces alces
M5,62,NA,Mammalia,Rodentia,Dipodidae,Allactaga elater
M6,92,NA,Mammalia,Rodentia,Dipodidae,Allactaga euphratica
M7,400,NA,Mammalia,Rodentia,Dipodidae,Allactaga major
M8,97.5,NA,Mammalia,Rodentia,Dipodidae,Allactaga sibirica
M9,137,NA,Mammalia,Rodentia,Dipodidae,Allactaga williamsi
M10,60,NA,Mammalia,Rodentia,Cricetidae,Allocricetulus eversmanni
M11,6000,NA,Mammalia,Carnivora,Canidae,Alopex lagopus
M12,29.8,NA,Mammalia,Rodentia,Muridae,Apodemus agrarius
M13,42,NA,Mammalia,Rodentia,Muridae,Apodemus alpicola
M14,56,NA,Mammalia,Rodentia,Muridae,Apodemus epimelas
M15,50,NA,Mammalia,Rodentia,Muridae,Apodemus flavicollis
M16,27,NA,Mammalia,Rodentia,Muridae,Apodemus hyrcanicus
M17,57,NA,Mammalia,Rodentia,Muridae,Apodemus mystacinus
M18,25.76,NA,Mammalia,Rodentia,Muridae,Apodemus ponticus
M19,47,NA,Mammalia,Rodentia,Muridae,Apodemus sylvaticus
M20,28,NA,Mammalia,Rodentia,Muridae,Apodemus uralensis
M21,37,NA,Mammalia,Rodentia,Muridae,Apodemus witherbyi
M22,250,NA,Mammalia,Rodentia,Cricetidae,Arvicola amphibius
M23,275,NA,Mammalia,Rodentia,Cricetidae,Arvicola sapidus
M24,53,NA,Mammalia,Rodentia,Cricetidae,Arvicola scherman
M25,657,NA,Mammalia,Eulipotyphla,Erinaceidae,Atelerix algirus
M26,14.2,NA,Mammalia,Chiroptera,Vespertilionidae,Barbastella barbastellus
M27,10,NA,Mammalia,Chiroptera,Vespertilionidae,Barbastella leucomelas
M28,1.00E+06,NA,Mammalia,Cetartiodactyla,Bovidae,Bison bonasus
M29,21.22,NA,Mammalia,Rodentia,Calomyscidae,Calomyscus urartensis
M30,9800,NA,Mammalia,Carnivora,Canidae,Canis aureus
M31,62000,NA,Mammalia,Carnivora,Canidae,Canis lupus
M32,NA,NA,Mammalia,Cetartiodactyla,Bovidae,Capra aegagrus
M33,155000,NA,Mammalia,Cetartiodactyla,Bovidae,Capra caucasica
M34,155000,NA,Mammalia,Cetartiodactyla,Bovidae,Capra cylindricornis
M36,120000,NA,Mammalia,Cetartiodactyla,Bovidae,Capra ibex
M37,90000,NA,Mammalia,Cetartiodactyla,Bovidae,Capra pyrenaica
M38,30000,NA,Mammalia,Cetartiodactyla,Cervidae,Capreolus capreolus
M39,47000,NA,Mammalia,Cetartiodactyla,Cervidae,Capreolus pygargus
M40,38000,NA,Mammalia,Rodentia,Castoridae,Castor fiber
M41,255000,NA,Mammalia,Cetartiodactyla,Cervidae,Cervus elaphus
M42,63,NA,Mammalia,Rodentia,Cricetidae,Chionomys gud
M43,62,NA,Mammalia,Rodentia,Cricetidae,Chionomys nivalis
M44,78,NA,Mammalia,Rodentia,Cricetidae,Chionomys roberti
M45,41,NA,Mammalia,Rodentia,Cricetidae,Cricetulus migratorius
M46,908,NA,Mammalia,Rodentia,Cricetidae,Cricetus cricetus
M47,NA,NA,Mammalia,Eulipotyphla,Soricidae,Crocidura arispa
M48,NA,NA,Mammalia,Eulipotyphla,Soricidae,Crocidura armenica
M49,9.5,NA,Mammalia,Eulipotyphla,Soricidae,Crocidura canariensis
M50,NA,NA,Mammalia,Eulipotyphla,Soricidae,Crocidura caspica
M52,15,NA,Mammalia,Eulipotyphla,Soricidae,Crocidura leucodon
M53,14,NA,Mammalia,Eulipotyphla,Soricidae,Crocidura pachyura
M54,14,NA,Mammalia,Eulipotyphla,Soricidae,Crocidura russula
M55,NA,NA,Mammalia,Eulipotyphla,Soricidae,Crocidura serezkyensis
M56,9.5,NA,Mammalia,Eulipotyphla,Soricidae,Crocidura sicula
M57,8.5,NA,Mammalia,Eulipotyphla,Soricidae,Crocidura suaveolens
M58,NA,NA,Mammalia,Eulipotyphla,Soricidae,Crocidura zimmermanni
M59,80000,NA,Mammalia,Cetartiodactyla,Cervidae,Dama dama
M60,520,NA,Mammalia,Eulipotyphla,Talpidae,Desmana moschata
M61,120,NA,Mammalia,Rodentia,Cricetidae,Dicrostonyx torquatus
M62,82,NA,Mammalia,Rodentia,Cricetidae,Dinaromys bogdanovi
M63,13,NA,Mammalia,Eulipotyphla,Soricidae,Diplomesodon pulchellum
M64,110,NA,Mammalia,Rodentia,Dipodidae,Dipus sagitta
M65,32,NA,Mammalia,Rodentia,Gliridae,Dryomys laniger
M66,34,NA,Mammalia,Rodentia,Gliridae,Dryomys nitedula
M67,120,NA,Mammalia,Rodentia,Gliridae,Eliomys melanurus
M68,190,NA,Mammalia,Rodentia,Gliridae,Eliomys quercinus
M69,140,NA,Mammalia,Rodentia,Cricetidae,Ellobius lutescens
M70,140,NA,Mammalia,Rodentia,Cricetidae,Ellobius talpinus
M71,NA,NA,Mammalia,Chiroptera,Vespertilionidae,Eptesicus bobrinskoi
M72,23,NA,Mammalia,Chiroptera,Vespertilionidae,Eptesicus bottae
M73,18,NA,Mammalia,Chiroptera,Vespertilionidae,Eptesicus nilssonii
M74,35,NA,Mammalia,Chiroptera,Vespertilionidae,Eptesicus serotinus
M75,1200,NA,Mammalia,Eulipotyphla,Erinaceidae,Erinaceus concolor
M76,1200,NA,Mammalia,Eulipotyphla,Erinaceidae,Erinaceus europaeus
M77,1200,NA,Mammalia,Eulipotyphla,Erinaceidae,Erinaceus roumanicus
M78,12000,NA,Mammalia,Carnivora,Felidae,Felis chaus
M79,3400,NA,Mammalia,Carnivora,Felidae,Felis margarita
M80,8000,NA,Mammalia,Carnivora,Felidae,Felis silvestris
M81,80,NA,Mammalia,Eulipotyphla,Talpidae,Galemys pyrenaicus
M82,40000,NA,Mammalia,Cetartiodactyla,Bovidae,Gazella subgutturosa
M83,2600,NA,Mammalia,Carnivora,Viverridae,Genetta genetta
M84,27,NA,Mammalia,Rodentia,Muridae,Gerbillus dasyurus
M85,243,NA,Mammalia,Rodentia,Gliridae,Glis glis
M86,18000,NA,Mammalia,Carnivora,Mustelidae,Gulo gulo
M87,500,NA,Mammalia,Eulipotyphla,Erinaceidae,Hemiechinus auritus
M88,4100,NA,Mammalia,Carnivora,Herpestidae,Herpestes ichneumon
M89,41000,NA,Mammalia,Carnivora,Hyaenidae,Hyaena hyaena
M91,13500,NA,Mammalia,Rodentia,Hystricidae,Hystrix cristata
M92,14500,NA,Mammalia,Rodentia,Hystricidae,Hystrix indica
M93,30,NA,Mammalia,Rodentia,Cricetidae,Lagurus lagurus
M94,130,NA,Mammalia,Rodentia,Cricetidae,Lemmus lemmus
M95,115,NA,Mammalia,Rodentia,Cricetidae,Lemmus sibiricus
M96,2500,NA,Mammalia,Lagomorpha,Leporidae,Lepus capensis
M97,3450,NA,Mammalia,Lagomorpha,Leporidae,Lepus castroviejoi
M98,3800,NA,Mammalia,Lagomorpha,Leporidae,Lepus corsicanus
M99,6500,NA,Mammalia,Lagomorpha,Leporidae,Lepus europaeus
M100,3382,NA,Mammalia,Lagomorpha,Leporidae,Lepus granatensis
M101,4700,NA,Mammalia,Lagomorpha,Leporidae,Lepus timidus
M102,2500,NA,Mammalia,Lagomorpha,Leporidae,Lepus tolai
M103,14000,NA,Mammalia,Carnivora,Mustelidae,Lutra lutra
M104,29000,NA,Mammalia,Carnivora,Felidae,Lynx lynx
M105,14000,NA,Mammalia,Carnivora,Felidae,Lynx pardinus
M107,6000,NA,Mammalia,Rodentia,Sciuridae,Marmota baibacina
M108,7300,NA,Mammalia,Rodentia,Sciuridae,Marmota bobak
M109,8000,NA,Mammalia,Rodentia,Sciuridae,Marmota marmota
M110,2300,NA,Mammalia,Carnivora,Mustelidae,Martes foina
M111,1800,NA,Mammalia,Carnivora,Mustelidae,Martes martes
M112,1800,NA,Mammalia,Carnivora,Mustelidae,Martes zibellina
M113,9000,NA,Mammalia,Carnivora,Mustelidae,Meles leucurus
M114,16000,NA,Mammalia,Carnivora,Mustelidae,Meles meles
M115,60,NA,Mammalia,Rodentia,Muridae,Meriones crassus
M116,80,NA,Mammalia,Rodentia,Muridae,Meriones dahli
M117,90,NA,Mammalia,Rodentia,Muridae,Meriones libycus
M118,80,NA,Mammalia,Rodentia,Muridae,Meriones meridianus
M119,172,NA,Mammalia,Rodentia,Muridae,Meriones persicus
M120,140,NA,Mammalia,Rodentia,Muridae,Meriones tamariscinus
M121,130,NA,Mammalia,Rodentia,Muridae,Meriones tristrami
M122,159,NA,Mammalia,Rodentia,Muridae,Meriones vinogradovi
M123,125,NA,Mammalia,Rodentia,Cricetidae,Mesocricetus auratus
M124,258,NA,Mammalia,Rodentia,Cricetidae,Mesocricetus brandti
M125,115,NA,Mammalia,Rodentia,Cricetidae,Mesocricetus newtoni
M126,280,NA,Mammalia,Rodentia,Cricetidae,Mesocricetus raddei
M127,13,NA,Mammalia,Rodentia,Muridae,Micromys minutus
M128,50,NA,Mammalia,Rodentia,Cricetidae,Microtus agrestis
M129,NA,NA,Mammalia,Rodentia,Cricetidae,Microtus anatolicus
M130,42.25,NA,Mammalia,Rodentia,Cricetidae,Microtus arvalis
M131,NA,NA,Mammalia,Rodentia,Cricetidae,Microtus bavaricus
M132,26,NA,Mammalia,Rodentia,Cricetidae,Microtus brachycercus
M133,68,NA,Mammalia,Rodentia,Cricetidae,Microtus cabrerae
M134,25,NA,Mammalia,Rodentia,Cricetidae,Microtus daghestanicus
M135,NA,NA,Mammalia,Rodentia,Cricetidae,Microtus dogramacii
M136,32,NA,Mammalia,Rodentia,Cricetidae,Microtus duodecimcostatus
M137,NA,NA,Mammalia,Rodentia,Cricetidae,Microtus felteni
M138,24,NA,Mammalia,Rodentia,Cricetidae,Microtus gerbei
M139,25,NA,Mammalia,Rodentia,Cricetidae,Microtus gregalis
M140,67,NA,Mammalia,Rodentia,Cricetidae,Microtus guentheri
M141,54.3,NA,Mammalia,Rodentia,Cricetidae,Microtus levis
M142,33.7,NA,Mammalia,Rodentia,Cricetidae,Microtus liechtesteini
M143,19,NA,Mammalia,Rodentia,Cricetidae,Microtus lusitanicus
M144,29,NA,Mammalia,Rodentia,Cricetidae,Microtus majori
M145,36.49,NA,Mammalia,Rodentia,Cricetidae,Microtus middendorffii
M146,NA,NA,Mammalia,Rodentia,Cricetidae,Microtus multiplex
M147,NA,NA,Mammalia,Rodentia,Cricetidae,Microtus nasarovi
M148,62,NA,Mammalia,Rodentia,Cricetidae,Microtus oeconomus
M149,26,NA,Mammalia,Rodentia,Cricetidae,Microtus savii
M150,NA,NA,Mammalia,Rodentia,Cricetidae,Microtus schidlovskii
M151,38,NA,Mammalia,Rodentia,Cricetidae,Microtus socialis
M152,26,NA,Mammalia,Rodentia,Cricetidae,Microtus subterraneus
M153,36,NA,Mammalia,Rodentia,Cricetidae,Microtus tatricus
M154,NA,NA,Mammalia,Rodentia,Cricetidae,Microtus thomasi
M155,20.8,NA,Mammalia,Chiroptera,Vespertilionidae,Miniopterus fuliginosus
M156,20.8,NA,Mammalia,Chiroptera,Vespertilionidae,Miniopterus schreibersii
M157,NA,NA,Mammalia,Rodentia,Muridae,Mus cypriacus
M158,22,NA,Mammalia,Rodentia,Muridae,Mus macedonicus
M159,22,NA,Mammalia,Rodentia,Muridae,Mus musculus
M160,14.9,NA,Mammalia,Rodentia,Muridae,Mus spicilegus
M161,19,NA,Mammalia,Rodentia,Muridae,Mus spretus
M162,40,NA,Mammalia,Rodentia,Gliridae,Muscardinus avellanarius
M163,445,NA,Mammalia,Carnivora,Mustelidae,Mustela erminea
M164,2050,NA,Mammalia,Carnivora,Mustelidae,Mustela eversmanii
M165,1005,NA,Mammalia,Carnivora,Mustelidae,Mustela lutreola
M166,250,NA,Mammalia,Carnivora,Mustelidae,Mustela nivalis
M167,1710,NA,Mammalia,Carnivora,Mustelidae,Mustela putorius
M168,820,NA,Mammalia,Carnivora,Mustelidae,Mustela sibirica
M169,40,NA,Mammalia,Rodentia,Cricetidae,Myodes glareolus
M170,50,NA,Mammalia,Rodentia,Cricetidae,Myodes rufocanus
M171,40,NA,Mammalia,Rodentia,Cricetidae,Myodes rutilus
M172,56,NA,Mammalia,Rodentia,Gliridae,Myomimus roachi
M173,56,NA,Mammalia,Rodentia,Gliridae,Myomimus setzeri
M174,45,NA,Mammalia,Rodentia,Cricetidae,Myopus schisticolor
M175,8,NA,Mammalia,Chiroptera,Vespertilionidae,Myotis alcathoe
M176,8,NA,Mammalia,Chiroptera,Vespertilionidae,Myotis aurascens
M177,13.6,NA,Mammalia,Chiroptera,Vespertilionidae,Myotis bechsteinii
M178,29.5,NA,Mammalia,Chiroptera,Vespertilionidae,Myotis blythii
M179,9.5,NA,Mammalia,Chiroptera,Vespertilionidae,Myotis brandtii
M180,15,NA,Mammalia,Chiroptera,Vespertilionidae,Myotis capaccinii
M181,20,NA,Mammalia,Chiroptera,Vespertilionidae,Myotis dasycneme
M182,15,NA,Mammalia,Chiroptera,Vespertilionidae,Myotis daubentonii
M183,13.6,NA,Mammalia,Chiroptera,Vespertilionidae,Myotis emarginatus
M184,NA,NA,Mammalia,Chiroptera,Vespertilionidae,Myotis hajastanicus
M185,35,NA,Mammalia,Chiroptera,Vespertilionidae,Myotis myotis
M186,8,NA,Mammalia,Chiroptera,Vespertilionidae,Myotis mystacinus
M187,14,NA,Mammalia,Chiroptera,Vespertilionidae,Myotis nattereri
M188,15,NA,Mammalia,Chiroptera,Vespertilionidae,Myotis nipalensis
M189,30,NA,Mammalia,Chiroptera,Vespertilionidae,Myotis punicus
M190,NA,NA,Mammalia,Chiroptera,Vespertilionidae,Myotis schaubi
M191,16,NA,Mammalia,Eulipotyphla,Soricidae,Neomys anomalus
M192,24,NA,Mammalia,Eulipotyphla,Soricidae,Neomys fodiens
M193,28,NA,Mammalia,Eulipotyphla,Soricidae,Neomys teres
M195,15,NA,Mammalia,Chiroptera,Vespertilionidae,Nyctalus azoreum
M196,76,NA,Mammalia,Chiroptera,Vespertilionidae,Nyctalus lasiopterus
M197,23.2,NA,Mammalia,Chiroptera,Vespertilionidae,Nyctalus leisleri
M198,46,NA,Mammalia,Chiroptera,Vespertilionidae,Nyctalus noctula
M199,260,NA,Mammalia,Lagomorpha,Ochotonidae,Ochotona hyperborea
M200,250,NA,Mammalia,Lagomorpha,Ochotonidae,Ochotona pusilla
M201,2500,NA,Mammalia,Lagomorpha,Leporidae,Oryctolagus cuniculus
M202,4500,NA,Mammalia,Carnivora,Felidae,Otocolobus manul
M203,40000,NA,Mammalia,Cetartiodactyla,Bovidae,Ovis aries
M204,NA,NA,Mammalia,Cetartiodactyla,Bovidae,Ovis orientalis
M205,71000,NA,Mammalia,Carnivora,Felidae,Panthera pardus
M206,10,NA,Mammalia,Chiroptera,Vespertilionidae,Pipistrellus kuhlii
M207,5.7,NA,Mammalia,Chiroptera,Vespertilionidae,Pipistrellus maderensis
M208,15.5,NA,Mammalia,Chiroptera,Vespertilionidae,Pipistrellus nathusii
M209,9.2,NA,Mammalia,Chiroptera,Vespertilionidae,Pipistrellus pipistrellus
M210,7.5,NA,Mammalia,Chiroptera,Vespertilionidae,Pipistrellus pygmaeus
M90,10,NA,Mammalia,Chiroptera,Vespertilionidae,Pipistrellus savii
M211,14,NA,Mammalia,Chiroptera,Vespertilionidae,Plecotus auritus
M212,14,NA,Mammalia,Chiroptera,Vespertilionidae,Plecotus austriacus
M213,10,NA,Mammalia,Chiroptera,Vespertilionidae,Plecotus kolombatovici
M214,14,NA,Mammalia,Chiroptera,Vespertilionidae,Plecotus macrobullaris
M215,14,NA,Mammalia,Chiroptera,Vespertilionidae,Plecotus sardus
M216,9.1,NA,Mammalia,Chiroptera,Vespertilionidae,Plecotus teneriffae
M217,87.8,NA,Mammalia,Rodentia,Cricetidae,Prometheomys schaposchnikowi
M218,200,NA,Mammalia,Rodentia,Sciuridae,Pteromys volans
M219,40.14,NA,Mammalia,Rodentia,Dipodidae,Pygeretmus platyurus
M220,52,NA,Mammalia,Rodentia,Dipodidae,Pygeretmus pumilio
M221,240000,NA,Mammalia,Cetartiodactyla,Cervidae,Rangifer tarandus
M224,15,NA,Mammalia,Chiroptera,Rhinolophidae,Rhinolophus blasii
M225,16,NA,Mammalia,Chiroptera,Rhinolophidae,Rhinolophus euryale
M226,34,NA,Mammalia,Chiroptera,Rhinolophidae,Rhinolophus ferrumequinum
M227,8,NA,Mammalia,Chiroptera,Rhinolophidae,Rhinolophus hipposideros
M228,18,NA,Mammalia,Chiroptera,Rhinolophidae,Rhinolophus mehelyi
M229,285,NA,Mammalia,Rodentia,Muridae,Rhombomys opimus
M230,170.6,NA,Mammalia,Chiroptera,Pteropodidae,Rousettus aegyptiacus
M231,40000,NA,Mammalia,Cetartiodactyla,Bovidae,Rupicapra pyrenaica
M232,62000,NA,Mammalia,Cetartiodactyla,Bovidae,Rupicapra rupicapra
M233,51000,NA,Mammalia,Cetartiodactyla,Bovidae,Saiga tatarica
M234,430,NA,Mammalia,Rodentia,Sciuridae,Sciurus anomalus
M235,350,NA,Mammalia,Rodentia,Sciuridae,Sciurus vulgaris
M236,10,NA,Mammalia,Rodentia,Dipodidae,Sicista armenica
M237,13,NA,Mammalia,Rodentia,Dipodidae,Sicista betulina
M238,8.8,NA,Mammalia,Rodentia,Dipodidae,Sicista caucasica
M239,8,NA,Mammalia,Rodentia,Dipodidae,Sicista kazbegica
M240,8.8,NA,Mammalia,Rodentia,Dipodidae,Sicista kluchorica
M241,9,NA,Mammalia,Rodentia,Dipodidae,Sicista severtzovi
M242,10,NA,Mammalia,Rodentia,Dipodidae,Sicista strandi
M243,14,NA,Mammalia,Rodentia,Dipodidae,Sicista subtilis
M244,11.8,NA,Mammalia,Eulipotyphla,Soricidae,Sorex alpinus
M245,15,NA,Mammalia,Eulipotyphla,Soricidae,Sorex antinorii
M246,15,NA,Mammalia,Eulipotyphla,Soricidae,Sorex araneus
M248,8,NA,Mammalia,Eulipotyphla,Soricidae,Sorex caecutiens
M249,13.5,NA,Mammalia,Eulipotyphla,Soricidae,Sorex coronatus
M250,8,NA,Mammalia,Eulipotyphla,Soricidae,Sorex granarius
M251,15,NA,Mammalia,Eulipotyphla,Soricidae,Sorex isodon
M252,4,NA,Mammalia,Eulipotyphla,Soricidae,Sorex minutissimus
M253,6.1,NA,Mammalia,Eulipotyphla,Soricidae,Sorex minutus
M254,14.8,NA,Mammalia,Eulipotyphla,Soricidae,Sorex raddei
M255,7,NA,Mammalia,Eulipotyphla,Soricidae,Sorex samniticus
M256,8,NA,Mammalia,Eulipotyphla,Soricidae,Sorex satunini
M257,10,NA,Mammalia,Eulipotyphla,Soricidae,Sorex tundrensis
M258,7,NA,Mammalia,Eulipotyphla,Soricidae,Sorex volnuchini
M259,250,NA,Mammalia,Rodentia,Spalacidae,Spalax arenarius
M260,252,NA,Mammalia,Rodentia,Spalacidae,Spalax ehrenbergi
M261,603,NA,Mammalia,Rodentia,Spalacidae,Spalax giganteus
M262,450,NA,Mammalia,Rodentia,Spalacidae,Spalax graecus
M263,338,NA,Mammalia,Rodentia,Spalacidae,Spalax leucodon
M264,570,NA,Mammalia,Rodentia,Spalacidae,Spalax microphthalmus
M265,350,NA,Mammalia,Rodentia,Spalacidae,Spalax nehringi
M266,570,NA,Mammalia,Rodentia,Spalacidae,Spalax uralensis
M267,550,NA,Mammalia,Rodentia,Spalacidae,Spalax zemni
M268,350,NA,Mammalia,Rodentia,Sciuridae,Spermophilus citellus
M269,900,NA,Mammalia,Rodentia,Sciuridae,Spermophilus fulvus
M270,500,NA,Mammalia,Rodentia,Sciuridae,Spermophilus major
M271,460,NA,Mammalia,Rodentia,Sciuridae,Spermophilus musicus
M272,460,NA,Mammalia,Rodentia,Sciuridae,Spermophilus pygmaeus
M273,500,NA,Mammalia,Rodentia,Sciuridae,Spermophilus suslicus
M274,490,NA,Mammalia,Rodentia,Sciuridae,Spermophilus taurensis
M275,490,NA,Mammalia,Rodentia,Sciuridae,Spermophilus xanthoprymnus
M276,55,NA,Mammalia,Rodentia,Dipodidae,Stylodipus telum
M277,2.7,NA,Mammalia,Eulipotyphla,Soricidae,Suncus etruscus
M278,150000,NA,Mammalia,Cetartiodactyla,Suidae,Sus scrofa
M279,55,NA,Mammalia,Chiroptera,Molossidae,Tadarida teniotis
M280,120,NA,Mammalia,Eulipotyphla,Talpidae,Talpa caeca
M281,91,NA,Mammalia,Eulipotyphla,Talpidae,Talpa caucasica
M282,120,NA,Mammalia,Eulipotyphla,Talpidae,Talpa davidiana
M283,130,NA,Mammalia,Eulipotyphla,Talpidae,Talpa europaea
M284,53,NA,Mammalia,Eulipotyphla,Talpidae,Talpa levantis
M285,66,NA,Mammalia,Eulipotyphla,Talpidae,Talpa occidentalis
M286,134,NA,Mammalia,Eulipotyphla,Talpidae,Talpa romana
M287,71.12,NA,Mammalia,Eulipotyphla,Talpidae,Talpa stankovici
M288,150,NA,Mammalia,Rodentia,Sciuridae,Tamias sibiricus
M289,270,NA,Mammalia,Rodentia,Muridae,Tatera indica
M290,315000,NA,Mammalia,Carnivora,Ursidae,Ursus arctos
M291,8.00E+05,NA,Mammalia,Carnivora,Ursidae,Ursus maritimus
M292,23,NA,Mammalia,Chiroptera,Vespertilionidae,Vespertilio murinus
M293,715,NA,Mammalia,Carnivora,Mustelidae,Vormela peregusna
M294,3200,NA,Mammalia,Carnivora,Canidae,Vulpes corsac
M295,14000,NA,Mammalia,Carnivora,Canidae,Vulpes vulpes
R1,NA,60,Reptilia,Squamata,Scincidae,Ablepharus bivittatus
R2,NA,48,Reptilia,Squamata,Scincidae,Ablepharus budaki
R3,NA,52,Reptilia,Squamata,Scincidae,Ablepharus chernovi
R4,NA,52,Reptilia,Squamata,Scincidae,Ablepharus kitaibelii
R5,NA,NA,Reptilia,Squamata,Scincidae,Ablepharus pannonicus
R229,NA,79,Reptilia,Squamata,Lacertidae,Acanthodactylus boskianus
R6,NA,80,Reptilia,Squamata,Lacertidae,Acanthodactylus erythrurus
R238,NA,95,Reptilia,Squamata,Scincidae,Acanthodactylus grandis
R237,NA,NA,Reptilia,Squamata,Scincidae,Acanthodactylus harranensis
R7,NA,93,Reptilia,Squamata,Lacertidae,Acanthodactylus schreiberi
R8,NA,44,Reptilia,Squamata,Lacertidae,Algyroides fitzingeri
R9,NA,53,Reptilia,Squamata,Lacertidae,Algyroides marchi
R10,NA,50,Reptilia,Squamata,Lacertidae,Algyroides moreoticus
R11,NA,68,Reptilia,Squamata,Lacertidae,Algyroides nigropunctatus
R12,NA,43,Reptilia,Squamata,Gekkonidae,Alsophylax pipiens
R116,NA,75,Reptilia,Squamata,Lacertidae,Anatololacerta anatolica
R120,NA,230,Reptilia,Squamata,Lacertidae,Anatololacerta danfordi
R127,NA,65,Reptilia,Squamata,Lacertidae,Anatololacerta oertzeni
R13,NA,300,Reptilia,Squamata,Anguidae,Anguis cephallonica
R14,NA,290,Reptilia,Squamata,Anguidae,Anguis fragilis
R118,NA,250,Reptilia,Squamata,Lacertidae,Apathya cappadocica
R15,NA,80,Reptilia,Squamata,Lacertidae,Archaeolacerta bedriagae
R16,NA,100,Reptilia,Squamata,Gekkonidae,Asaccus elisae
R17,NA,254,Reptilia,Squamata,Amphisbaenidae,Blanus cinereus
R18,NA,200,Reptilia,Squamata,Amphisbaenidae,Blanus strauchi
R19,NA,98,Reptilia,Squamata,Scincidae,Chalcides bedriagai
R20,NA,99,Reptilia,Squamata,Scincidae,Chalcides bistriatus
R21,NA,185,Reptilia,Squamata,Scincidae,Chalcides chalcides
R22,NA,160,Reptilia,Squamata,Scincidae,Chalcides ocellatus
R23,NA,99,Reptilia,Squamata,Scincidae,Chalcides sexlineatus
R24,NA,125,Reptilia,Squamata,Scincidae,Chalcides simonyi
R25,NA,210,Reptilia,Squamata,Scincidae,Chalcides striatus
R26,NA,91,Reptilia,Squamata,Scincidae,Chalcides viridanus
R220,NA,190,Reptilia,Squamata,Chamaeleonidae,Chamaeleo africanus
R27,NA,150,Reptilia,Squamata,Chamaeleonidae,Chamaeleo chamaeleon
R28,NA,1000,Reptilia,Squamata,Colubridae,Coronella austriaca
R29,NA,950,Reptilia,Squamata,Colubridae,Coronella girondica
R30,NA,75,Reptilia,Squamata,Gekkonidae,Cyrtopodion caspium
R31,NA,120,Reptilia,Squamata,Gekkonidae,Cyrtopodion heterocercum
R32,NA,56,Reptilia,Squamata,Gekkonidae,Cyrtopodion kotschyi
R33,NA,NA,Reptilia,Squamata,Gekkonidae,Cyrtopodion russowii
R34,NA,55,Reptilia,Squamata,Gekkonidae,Cyrtopodion scabrum
R128,NA,65,Reptilia,Squamata,Lacertidae,Dalmatolacerta oxycephala
R35,NA,NA,Reptilia,Squamata,Lacertidae,Darevskia alpina
R36,NA,180,Reptilia,Squamata,Lacertidae,Darevskia armeniaca
R37,NA,190,Reptilia,Squamata,Lacertidae,Darevskia bendimahiensis
R38,NA,NA,Reptilia,Squamata,Lacertidae,Darevskia brauneri
R39,NA,NA,Reptilia,Squamata,Lacertidae,Darevskia caucasica
R188,NA,NA,Reptilia,Squamata,Lacertidae,Darevskia chlorogaster
R40,NA,200,Reptilia,Squamata,Lacertidae,Darevskia clarkorum
R41,NA,NA,Reptilia,Squamata,Lacertidae,Darevskia daghestanica
R42,NA,64,Reptilia,Squamata,Lacertidae,Darevskia dahli
R43,NA,160,Reptilia,Squamata,Lacertidae,Darevskia derjugini
R44,NA,NA,Reptilia,Squamata,Lacertidae,Darevskia dryada
R45,NA,NA,Reptilia,Squamata,Lacertidae,Darevskia lindholmi
R46,NA,200,Reptilia,Squamata,Lacertidae,Darevskia mixta
R47,NA,64.5,Reptilia,Squamata,Lacertidae,Darevskia nairensis
R48,NA,180,Reptilia,Squamata,Lacertidae,Darevskia parvula
R49,NA,67,Reptilia,Squamata,Lacertidae,Darevskia portschinskii
R50,NA,130,Reptilia,Squamata,Lacertidae,Darevskia praticola
R51,NA,210,Reptilia,Squamata,Lacertidae,Darevskia raddei
R52,NA,60,Reptilia,Squamata,Lacertidae,Darevskia rostombekovi
R53,NA,260,Reptilia,Squamata,Lacertidae,Darevskia rudis
R54,NA,160,Reptilia,Squamata,Lacertidae,Darevskia sapphirina
R55,NA,NA,Reptilia,Squamata,Lacertidae,Darevskia saxicola
R56,NA,200,Reptilia,Squamata,Lacertidae,Darevskia unisexualis
R57,NA,180,Reptilia,Squamata,Lacertidae,Darevskia uzzelli
R58,NA,80,Reptilia,Squamata,Lacertidae,Darevskia valentini
R126,NA,64,Reptilia,Squamata,Lacertidae,Dinarolacerta montenegrina
R125,NA,73,Reptilia,Squamata,Lacertidae,Dinarolacerta mosorensis
R219,NA,1200,Reptilia,Squamata,Colubridae,Dolichophis caspius
R104,NA,1165,Reptilia,Squamata,Colubridae,Dolichophis cypriensis
R221,NA,3000,Reptilia,Squamata,Colubridae,Dolichophis jugularis
R225,NA,1600,Reptilia,Squamata,Colubridae,Dolichophis schmidti
R59,NA,NA,Reptilia,Squamata,Colubridae,Eirenis aurolineatus
R60,NA,NA,Reptilia,Squamata,Colubridae,Eirenis barani
R62,NA,330,Reptilia,Squamata,Colubridae,Eirenis coronella
R63,NA,750,Reptilia,Squamata,Colubridae,Eirenis decemlineatus
R64,NA,NA,Reptilia,Squamata,Colubridae,Eirenis eiselti
R65,NA,NA,Reptilia,Squamata,Colubridae,Eirenis hakkariensis
R66,NA,462,Reptilia,Squamata,Colubridae,Eirenis levantinus
R67,NA,316,Reptilia,Squamata,Colubridae,Eirenis lineomaculatus
R73,NA,NA,Reptilia,Squamata,Colubridae,Eirenis medus
R68,NA,600,Reptilia,Squamata,Colubridae,Eirenis modestus
R69,NA,500,Reptilia,Squamata,Colubridae,Eirenis punctatolineatus
R70,NA,381,Reptilia,Squamata,Colubridae,Eirenis rothii
R71,NA,NA,Reptilia,Squamata,Colubridae,Eirenis thospitis
R72,NA,1000,Reptilia,Squamata,Colubridae,Elaphe dione
R77,NA,1600,Reptilia,Squamata,Colubridae,Elaphe quatuorlineata
R226,NA,1400,Reptilia,Squamata,Colubridae,Elaphe sauromates
R80,NA,172,Reptilia,Testudines,Emydidae,Emys orbicularis
R198,NA,145,Reptilia,Testudines,Emydidae,Emys trinacris
R81,NA,85,Reptilia,Squamata,Lacertidae,Eremias arguta
R82,NA,NA,Reptilia,Squamata,Lacertidae,Eremias intermedia
R239,NA,98,Reptilia,Squamata,Lacertidae,Eremias persica
R83,NA,150,Reptilia,Squamata,Lacertidae,Eremias pleskei
R84,NA,NA,Reptilia,Squamata,Lacertidae,Eremias scripta
R85,NA,200,Reptilia,Squamata,Lacertidae,Eremias strauchi
R86,NA,200,Reptilia,Squamata,Lacertidae,Eremias suphani
R87,NA,NA,Reptilia,Squamata,Lacertidae,Eremias velox
R88,NA,840,Reptilia,Squamata,Boidae,Eryx jaculus
R89,NA,NA,Reptilia,Squamata,Boidae,Eryx miliaris
R235,NA,151,Reptilia,Squamata,Gekkonidae,Eublepharis angramainyu
R90,NA,48,Reptilia,Squamata,Gekkonidae,Euleptes europaea
R91,NA,165,Reptilia,Squamata,Scincidae,Eumeces schneideri
R92,NA,102,Reptilia,Squamata,Lacertidae,Gallotia atlantica
R93,NA,NA,Reptilia,Squamata,Lacertidae,Gallotia auaritae
R94,NA,250,Reptilia,Squamata,Lacertidae,Gallotia bravoana
R95,NA,111,Reptilia,Squamata,Lacertidae,Gallotia caesaris
R96,NA,145,Reptilia,Squamata,Lacertidae,Gallotia galloti
R97,NA,150,Reptilia,Squamata,Lacertidae,Gallotia intermedia
R98,NA,236,Reptilia,Squamata,Lacertidae,Gallotia simonyi
R99,NA,280,Reptilia,Squamata,Lacertidae,Gallotia stehlini
R100,NA,NA,Reptilia,Squamata,Viperidae,Gloydius intermedius
R101,NA,80,Reptilia,Squamata,Lacertidae,Hellenolacerta graeca
R102,NA,60,Reptilia,Squamata,Gekkonidae,Hemidactylus turcicus
R223,NA,1145,Reptilia,Squamata,Colubridae,Hemorrhois algirus
R103,NA,1850,Reptilia,Squamata,Colubridae,Hemorrhois hippocrepis
R222,NA,1500,Reptilia,Squamata,Colubridae,Hemorrhois nummifer
R230,NA,1300,Reptilia,Squamata,Colubridae,Hemorrhois ravergieri
R105,NA,1280,Reptilia,Squamata,Colubridae,Hierophis gemonensis
R224,NA,1690,Reptilia,Squamata,Colubridae,Hierophis gyarosensis
R106,NA,1690,Reptilia,Squamata,Colubridae,Hierophis viridiflavus
R107,NA,67,Reptilia,Squamata,Lacertidae,Iberolacerta aranica
R108,NA,65,Reptilia,Squamata,Lacertidae,Iberolacerta aurelioi
R109,NA,65,Reptilia,Squamata,Lacertidae,Iberolacerta bonnali
R110,NA,91,Reptilia,Squamata,Lacertidae,Iberolacerta cyreni
R111,NA,85,Reptilia,Squamata,Lacertidae,Iberolacerta galani
R112,NA,71,Reptilia,Squamata,Lacertidae,Iberolacerta horvathi
R113,NA,68,Reptilia,Squamata,Lacertidae,Iberolacerta martinezricai
R114,NA,91,Reptilia,Squamata,Lacertidae,Iberolacerta monticola
R164,NA,75,Reptilia,Squamata,Lacertidae,Iranolacerta brandtii
R115,NA,99,Reptilia,Squamata,Lacertidae,Lacerta agilis
R117,NA,150,Reptilia,Squamata,Lacertidae,Lacerta bilineata
R124,NA,481,Reptilia,Squamata,Lacertidae,Lacerta media
R129,NA,NA,Reptilia,Squamata,Lacertidae,Lacerta pamphylica
R132,NA,120,Reptilia,Squamata,Lacertidae,Lacerta schreiberi
R133,NA,300,Reptilia,Squamata,Lacertidae,Lacerta strigata
R134,NA,190,Reptilia,Squamata,Lacertidae,Lacerta trilineata
R136,NA,160,Reptilia,Squamata,Lacertidae,Lacerta viridis
R138,NA,150,Reptilia,Squamata,Agamidae,Laudakia caucasia
R139,NA,210,Reptilia,Squamata,Agamidae,Laudakia stellio
R140,NA,280,Reptilia,Squamata,Leptotyphlopidae,Leptotyphlops macrorhynchus
R143,NA,598,Reptilia,Squamata,Colubridae,Macroprotodon brevis
R144,NA,600,Reptilia,Squamata,Colubridae,Macroprotodon cucullatus
R251,NA,660,Reptilia,Squamata,Colubridae,Macroprotodon mauritanicus
R145,NA,1500,Reptilia,Squamata,Viperidae,Macrovipera lebetina
R146,NA,1500,Reptilia,Squamata,Viperidae,Macrovipera schweizeri
R147,NA,2550,Reptilia,Squamata,Colubridae,Malpolon monspessulanus
R148,NA,250,Reptilia,Testudines,Geoemydidae,Mauremys caspica
R149,NA,250,Reptilia,Testudines,Geoemydidae,Mauremys leprosa
R150,NA,240,Reptilia,Testudines,Geoemydidae,Mauremys rivulata
R245,NA,55,Reptilia,Squamata,Lacertidae,Mesalina brevirostris
R151,NA,990,Reptilia,Squamata,Viperidae,Montivipera raddei
R152,NA,950,Reptilia,Squamata,Viperidae,Montivipera wagneri
R153,NA,1350,Reptilia,Squamata,Viperidae,Montivipera xanthina
R154,NA,930,Reptilia,Squamata,Colubridae,Natrix maura
R155,NA,2050,Reptilia,Squamata,Colubridae,Natrix natrix
R156,NA,1300,Reptilia,Squamata,Colubridae,Natrix tessellata
R157,NA,100,Reptilia,Squamata,Scincidae,Ophiomorus punctatissimus
R158,NA,55,Reptilia,Squamata,Lacertidae,Ophisops elegans
R130,NA,61,Reptilia,Squamata,Lacertidae,Parvilacerta parva
R119,NA,NA,Reptilia,Squamata,Lacertidae,Phoenicolacerta cyanisparsa
R122,NA,250,Reptilia,Squamata,Lacertidae,Phoenicolacerta laevis
R135,NA,75,Reptilia,Squamata,Lacertidae,Phoenicolacerta troodica
R159,NA,NA,Reptilia,Squamata,Agamidae,Phrynocephalus guttatus
R160,NA,NA,Reptilia,Squamata,Agamidae,Phrynocephalus helioscopus
R161,NA,110,Reptilia,Squamata,Agamidae,Phrynocephalus mystaceus
R162,NA,70,Reptilia,Squamata,Agamidae,Phrynocephalus persicus
R61,NA,1000,Reptilia,Squamata,Colubridae,Platyceps collaris
R163,NA,1300,Reptilia,Squamata,Colubridae,Platyceps najadum
R231,NA,1000,Reptilia,Squamata,Colubridae,Platyceps ventromaculatus
R165,NA,65,Reptilia,Squamata,Lacertidae,Podarcis atrata
R166,NA,65,Reptilia,Squamata,Lacertidae,Podarcis bocagei
R167,NA,58,Reptilia,Squamata,Lacertidae,Podarcis carbonelli
R168,NA,75,Reptilia,Squamata,Lacertidae,Podarcis erhardii
R169,NA,74,Reptilia,Squamata,Lacertidae,Podarcis filfolensis
R170,NA,60,Reptilia,Squamata,Lacertidae,Podarcis gaigeae
R171,NA,65,Reptilia,Squamata,Lacertidae,Podarcis hispanica
R172,NA,81,Reptilia,Squamata,Lacertidae,Podarcis lilfordi
R173,NA,65,Reptilia,Squamata,Lacertidae,Podarcis melisellensis
R174,NA,65,Reptilia,Squamata,Lacertidae,Podarcis milensis
R175,NA,75,Reptilia,Squamata,Lacertidae,Podarcis muralis
R176,NA,85,Reptilia,Squamata,Lacertidae,Podarcis peloponnesiaca
R177,NA,70,Reptilia,Squamata,Lacertidae,Podarcis pityusensis
R178,NA,84,Reptilia,Squamata,Lacertidae,Podarcis raffonei
R179,NA,90,Reptilia,Squamata,Lacertidae,Podarcis sicula
R180,NA,80,Reptilia,Squamata,Lacertidae,Podarcis taurica
R181,NA,65,Reptilia,Squamata,Lacertidae,Podarcis tiliguerta
R182,NA,60,Reptilia,Squamata,Lacertidae,Podarcis vaucheri
R183,NA,70,Reptilia,Squamata,Lacertidae,Podarcis wagleriana
R254,NA,75,NA,NA,NA,Podarcis cretendis
R253,NA,93,Reptilia,Squamata,Lacertidae,Psammodromus jeanneae
R185,NA,57,Reptilia,Squamata,Lacertidae,Psammodromus hispanicus
R247,NA,1080,Reptilia,Squamata,Viperidae,Pseudocerastes persicus
R232,NA,400,Reptilia,Squamata,Colubridae,Pseudocyclophis persicus
R186,NA,560,Reptilia,Squamata,Anguidae,Pseudopus apodus
R187,NA,700,Reptilia,Testudines,Trionychidae,Rafetus euphraticus
R78,NA,1600,Reptilia,Squamata,Colubridae,Rhinechis scalaris
R248,NA,NA,Reptilia,Squamata,Typhlopoidea,Rhinotyphlops episcopus
R249,NA,NA,Reptilia,Squamata,Colubridae,Rhynchocalamus barani
R233,NA,550,Reptilia,Squamata,Colubridae,Rhynchocalamus melanocephalus
R234,NA,1800,Reptilia,Squamata,Colubridae,Spalerosophis diadema
R228,NA,100,Reptilia,Squamata,Gekkonidae,Stenodactylus grandiceps
R189,NA,77,Reptilia,Squamata,Gekkonidae,Tarentola angustimentalis
R190,NA,75,Reptilia,Squamata,Gekkonidae,Tarentola bischoffi
R191,NA,75,Reptilia,Squamata,Gekkonidae,Tarentola boettgeri
R192,NA,84,Reptilia,Squamata,Gekkonidae,Tarentola delalandii
R193,NA,72,Reptilia,Squamata,Gekkonidae,Tarentola gomerensis
R194,NA,84,Reptilia,Squamata,Gekkonidae,Tarentola mauritanica
R121,NA,69,Reptilia,Squamata,Lacertidae,Teira dugesii
R195,NA,1300,Reptilia,Squamata,Colubridae,Telescopus fallax
R246,NA,600,Reptilia,Squamata,Colubridae,Telescopus nigriceps
R196,NA,300,Reptilia,Testudines,Testudinidae,Testudo graeca
R197,NA,200,Reptilia,Testudines,Testudinidae,Testudo hermanni
R199,NA,305,Reptilia,Testudines,Testudinidae,Testudo marginata
R123,NA,260,Reptilia,Squamata,Lacertidae,Timon lepidus
R131,NA,400,Reptilia,Squamata,Lacertidae,Timon princeps
R141,NA,97,Reptilia,Squamata,Scincidae,Trachylepis aurata
R236,NA,105,Reptilia,Squamata,Scincidae,Trachylepis septemtaeniata
R142,NA,68,Reptilia,Squamata,Scincidae,Trachylepis vittata
R200,NA,90,Reptilia,Squamata,Agamidae,Trapelus agilis
R201,NA,100,Reptilia,Squamata,Agamidae,Trapelus lessonae
R202,NA,1000,Reptilia,Testudines,Trionychidae,Trionyx triunguis
R203,NA,400,Reptilia,Squamata,Typhlopidae,Typhlops vermicularis
R184,NA,NA,Reptilia,Squamata,Lacertidae,Psammodromus manuelae
R204,NA,650,Reptilia,Squamata,Varanidae,Varanus griseus
R205,NA,NA,Reptilia,Squamata,Viperidae,Montivipera albizona
R206,NA,950,Reptilia,Squamata,Viperidae,Vipera ammodytes
R207,NA,940,Reptilia,Squamata,Viperidae,Vipera aspis
R208,NA,1040,Reptilia,Squamata,Viperidae,Vipera berus
R209,NA,780,Reptilia,Squamata,Viperidae,Montivipera bulgardaghica
R210,NA,421,Reptilia,Squamata,Viperidae,Vipera darevskii
R211,NA,486,Reptilia,Squamata,Viperidae,Vipera dinniki
R240,NA,290,Reptilia,Squamata,Viperidae,Vipera eriwanensis
R212,NA,600,Reptilia,Squamata,Viperidae,Vipera kaznakovi
R213,NA,730,Reptilia,Squamata,Viperidae,Vipera latastei
R242,NA,600,Reptilia,Squamata,Viperidae,Vipera lotievi
R214,NA,870,Reptilia,Squamata,Viperidae,Vipera nikolskii
R215,NA,NA,Reptilia,Squamata,Viperidae,Vipera pontica
R227,NA,620,Reptilia,Squamata,Viperidae,Vipera renardi
R217,NA,750,Reptilia,Squamata,Viperidae,Vipera seoanei
R216,NA,750,Reptilia,Squamata,Viperidae,Vipera transcaucasiana
R218,NA,490,Reptilia,Squamata,Viperidae,Vipera ursinii
R74,NA,30,Reptilia,Squamata,Colubridae,Zamenis hohenackeri
R75,NA,1500,Reptilia,Squamata,Colubridae,Zamenis lineatus
R76,NA,1600,Reptilia,Squamata,Colubridae,Zamenis longissimus
R241,NA,1200,Reptilia,Squamata,Colubridae,Zamenis persica
R79,NA,1020,Reptilia,Squamata,Colubridae,Zamenis situla
R137,NA,75,Reptilia,Squamata,Lacertidae,Zootoca vivipara
R252,NA,NA,Reptilia,Squamata,Colubridae,Eirenis coronelloides
