Species_ID,body_mass_g,body_length_max_mm,Class,Order,Family,Species,body_mass_databases,new_body_mass_g
A1,NA,50,Amphibia,Anura,Alytidae,Alytes cisternasii,6.1,6.1
A2,NA,56.5,Amphibia,Anura,Alytidae,Alytes dickhilleni,NA,NA
A3,NA,40,Amphibia,Anura,Alytidae,Alytes muletensis,2.31,2.31
A4,NA,55,Amphibia,Anura,Alytidae,Alytes obstetricans,13.4,13.4
A77,NA,124,Amphibia,Caudata,Plethodontidae,Atylodes genei,3.92,3.92
A5,NA,50,Amphibia,Anura,Bombinatoridae,Bombina bombina,5.9,5.9
A6,NA,60,Amphibia,Anura,Bombinatoridae,Bombina pachypus,NA,NA
A7,NA,60,Amphibia,Anura,Bombinatoridae,Bombina variegata,6.77,6.77
A8,NA,220,Amphibia,Anura,Bufonidae,Bufo bufo,164.75,164.75
A10,NA,190,Amphibia,Anura,Bufonidae,Bufo verrucosissimus,NA,NA
A99,NA,102,Amphibia,Caudata,Salamandridae,Calotriton arnoldi,NA,NA
A18,NA,170,Amphibia,Caudata,Salamandridae,Calotriton asper,7.1,7.1
A12,NA,164,Amphibia,Caudata,Salamandridae,Chioglossa lusitanica,4.2,4.2
A13,NA,65,Amphibia,Anura,Alytidae,Discoglossus galganoi,21.8,21.8
A14,NA,63,Amphibia,Anura,Alytidae,Discoglossus jeanneae,NA,NA
A15,NA,65,Amphibia,Anura,Alytidae,Discoglossus montalentii,NA,NA
A16,NA,65,Amphibia,Anura,Alytidae,Discoglossus pictus,22.05,22.05
A17,NA,75,Amphibia,Anura,Alytidae,Discoglossus sardus,NA,NA
A9,NA,100,Amphibia,Anura,Bufonidae,Epidalea calamita,62.7,62.7
A19,NA,110,Amphibia,Caudata,Salamandridae,Euproctus montanus,2.5,2.5
A20,NA,140,Amphibia,Caudata,Salamandridae,Euproctus platycephalus,5.1,5.1
A21,NA,60,Amphibia,Anura,Hylidae,Hyla arborea,9.5,9.5
A22,NA,55,Amphibia,Anura,Hylidae,Hyla intermedia,6.27,6.27
A23,NA,65,Amphibia,Anura,Hylidae,Hyla meridionalis,3.11,3.11
A24,NA,50,Amphibia,Anura,Hylidae,Hyla sarda,4,4
A25,NA,50,Amphibia,Anura,Hylidae,Hyla savignyi,NA,NA
A84,NA,97,Amphibia,Caudata,Salamandridae,Lissotriton boscai,1.77,1.77
A88,NA,95,Amphibia,Caudata,Salamandridae,Lissotriton helveticus,1.8,1.8
A89,NA,95,Amphibia,Caudata,Salamandridae,Lissotriton italicus,0.98,0.98
A92,NA,100,Amphibia,Caudata,Salamandridae,Lissotriton montandoni,2.6,2.6
A95,NA,117,Amphibia,Caudata,Salamandridae,Lissotriton vulgaris,3.1,3.1
A26,NA,139,Amphibia,Caudata,Salamandridae,Lyciasalamandra antalyana,NA,NA
A27,NA,164,Amphibia,Caudata,Salamandridae,Lyciasalamandra atifi,NA,NA
A28,NA,139,Amphibia,Caudata,Salamandridae,Lyciasalamandra billae,NA,NA
A29,NA,125,Amphibia,Caudata,Salamandridae,Lyciasalamandra fazilae,NA,NA
A30,NA,124,Amphibia,Caudata,Salamandridae,Lyciasalamandra flavimembris,NA,NA
A31,NA,140,Amphibia,Caudata,Salamandridae,Lyciasalamandra helverseni,NA,NA
A32,NA,131,Amphibia,Caudata,Salamandridae,Lyciasalamandra luschani,7.8,7.8
A33,NA,208,Amphibia,Caudata,Salamandridae,Mertensiella caucasica,9.8,9.8
A83,NA,130,Amphibia,Caudata,Salamandridae,Mesotriton alpestris,NA,NA
A34,NA,180,Amphibia,Caudata,Salamandridae,Neurergus crocatus,13.4,13.4
A35,NA,190,Amphibia,Caudata,Salamandridae,Neurergus strauchii,NA,NA
A97,NA,170,Amphibia,Caudata,Salamandridae,Ommatotriton ophryticus,NA,NA
A94,NA,150,Amphibia,Caudata,Salamandridae,Ommatotriton vittatus,8.1,8.1
A36,NA,125,Amphibia,Anura,Pelobatidae,Pelobates cultripes,40,40
A37,NA,80,Amphibia,Anura,Pelobatidae,Pelobates fuscus,29.4,29.4
A38,NA,90,Amphibia,Anura,Pelobatidae,Pelobates syriacus,NA,NA
A39,NA,52,Amphibia,Anura,Pelodytidae,Pelodytes caucasicus,NA,NA
A40,NA,43,Amphibia,Anura,Pelodytidae,Pelodytes ibericus,4.87,4.87
A41,NA,47,Amphibia,Anura,Pelodytidae,Pelodytes punctatus,3.03,3.03
A45,NA,93,Amphibia,Anura,Ranidae,Pelophylax bedriagae,NA,NA
A46,NA,80,Amphibia,Anura,Ranidae,Pelophylax bergeri,NA,NA
A96,NA,89,Amphibia,Anura,Ranidae,Pelophylax caralitanus,135,135
A47,NA,41,Amphibia,Anura,Ranidae,Pelophylax cerigensis,NA,NA
A48,NA,70,Amphibia,Anura,Ranidae,Pelophylax cretensis,NA,NA
A50,NA,83,Amphibia,Anura,Ranidae,Pelophylax epeiroticus,59.02,59.02
A51,NA,120,Amphibia,Anura,Ranidae,Pelophylax esculentus,NA,NA
A53,NA,100,Amphibia,Anura,Ranidae,Pelophylax grafi,NA,NA
A54,NA,83,Amphibia,Anura,Ranidae,Pelophylax hispanicus,NA,NA
A57,NA,76,Amphibia,Anura,Ranidae,Pelophylax kurtmuelleri,NA,NA
A59,NA,83,Amphibia,Anura,Ranidae,Pelophylax lessonae,75.4,75.4
A61,NA,100,Amphibia,Anura,Ranidae,Pelophylax perezi,31.8,31.8
A63,NA,135,Amphibia,Anura,Ranidae,Pelophylax ridibundus,75.4,75.4
A64,NA,74,Amphibia,Anura,Ranidae,Pelophylax shqipericus,NA,NA
A42,NA,312,Amphibia,Caudata,Salamandridae,Pleurodeles waltl,25.8,25.8
A43,NA,250,Amphibia,Caudata,Proteidae,Proteus anguinus,17,17
A100,NA,85,Amphibia,Anura,Bufonidae,Pseudepidalea balearica,NA,NA
A101,NA,85,Amphibia,Anura,Bufonidae,Pseudepidalea boulengeri,NA,NA
A102,NA,85,Amphibia,Anura,Bufonidae,Pseudepidalea sicula,NA,NA
A103,NA,85,Amphibia,Anura,Bufonidae,Pseudepidalea variabilis,NA,NA
A11,NA,85,Amphibia,Anura,Bufonidae,Pseudepidalea viridis,75,75
A44,NA,80,Amphibia,Anura,Ranidae,Rana arvalis,10.8,10.8
A49,NA,90,Amphibia,Anura,Ranidae,Rana dalmatina,31.9,31.9
A52,NA,80,Amphibia,Anura,Ranidae,Rana graeca,NA,NA
A98,NA,NA,Amphibia,Anura,Ranidae,Rana holtzi,NA,NA
A55,NA,50,Amphibia,Anura,Ranidae,Rana iberica,10.6,10.6
A56,NA,64,Amphibia,Anura,Ranidae,Rana italica,NA,NA
A58,NA,60,Amphibia,Anura,Ranidae,Rana latastei,18.7,18.7
A60,NA,NA,Amphibia,Anura,Ranidae,Rana macrocnemis,11.3,11.3
A62,NA,50,Amphibia,Anura,Ranidae,Rana pyrenaica,NA,NA
A65,NA,NA,Amphibia,Anura,Ranidae,Rana tavasensis,NA,NA
A66,NA,110,Amphibia,Anura,Ranidae,Rana temporaria,47.6,47.6
A67,NA,151,Amphibia,Caudata,Salamandridae,Salamandra atra,8.2,8.2
A68,NA,210,Amphibia,Caudata,Salamandridae,Salamandra corsica,NA,NA
A69,NA,324,Amphibia,Caudata,Salamandridae,Salamandra infraimmaculata,125,125
A70,NA,190,Amphibia,Caudata,Salamandridae,Salamandra lanzai,19.3,19.3
A71,NA,280,Amphibia,Caudata,Salamandridae,Salamandra salamandra,35.8,35.8
A72,NA,140,Amphibia,Caudata,Hynobiidae,Salamandrella keyserlingii,6.9,6.9
A73,NA,134,Amphibia,Caudata,Salamandridae,Salamandrina perspicillata,NA,NA
A74,NA,88,Amphibia,Caudata,Salamandridae,Salamandrina terdigitata,NA,NA
A75,NA,116,Amphibia,Caudata,Plethodontidae,Speleomantes ambrosii,2.26,2.26
A76,NA,146,Amphibia,Caudata,Plethodontidae,Speleomantes flavus,NA,NA
A78,NA,150,Amphibia,Caudata,Plethodontidae,Speleomantes imperialis,3.92,3.92
A79,NA,120,Amphibia,Caudata,Plethodontidae,Speleomantes italicus,2.88,2.88
A80,NA,150,Amphibia,Caudata,Plethodontidae,Speleomantes sarrabusensis,NA,NA
A81,NA,128,Amphibia,Caudata,Plethodontidae,Speleomantes strinatii,NA,NA
A82,NA,143,Amphibia,Caudata,Plethodontidae,Speleomantes supramontis,5.08,5.08
A85,NA,210,Amphibia,Caudata,Salamandridae,Triturus carnifex,18.4,18.4
A86,NA,160,Amphibia,Caudata,Salamandridae,Triturus cristatus,15,15
A87,NA,130,Amphibia,Caudata,Salamandridae,Triturus dobrogicus,9.4,9.4
A90,NA,180,Amphibia,Caudata,Salamandridae,Triturus karelinii,10.5,10.5
A104,NA,200,Amphibia,Caudata,Salamandridae,Triturus macedonicus,NA,NA
A91,NA,170,Amphibia,Caudata,Salamandridae,Triturus marmoratus,9.8,9.8
A93,NA,140,Amphibia,Caudata,Salamandridae,Triturus pygmaeus,NA,NA
B1,1423,NA,Aves,Gaviiformes,Gaviidae,Gavia stellata,1477,1477
B10,795,NA,Aves,Procellariiformes,Procellariidae,Fulmarus glacialis,706,706
B100,218,NA,Aves,Falconiformes,Accipitridae,Accipiter brevipes,NA,218
B101,155,NA,Aves,Falconiformes,Accipitridae,Accipiter nisus,290,290
B102,800,NA,Aves,Falconiformes,Accipitridae,Accipiter gentilis,1140,1140
B103,875,NA,Aves,Falconiformes,Accipitridae,Buteo buteo,966.5,966.5
B104,1175,NA,Aves,Falconiformes,Accipitridae,Buteo rufinus,1314,1314
B105,925.8,NA,Aves,Falconiformes,Accipitridae,Buteo lagopus,1027,1027
B106,1400,NA,Aves,Falconiformes,Accipitridae,Aquila pomarina,1693.3,1693.3
B107,1953,NA,Aves,Falconiformes,Accipitridae,Aquila clanga,2108,2108
B108,2723,NA,Aves,Falconiformes,Accipitridae,Aquila nipalensis,2987,2987
B109,3492,NA,Aves,Falconiformes,Accipitridae,Aquila adalberti,NA,3492
B11,331,NA,Aves,Procellariiformes,Procellariidae,Pterodroma deserta (was previously lumped with P. feae),NA,331
B110,3184,NA,Aves,Falconiformes,Accipitridae,Aquila heliaca,3901,3901
B111,4775,NA,Aves,Falconiformes,Accipitridae,Aquila chrysaetos,5194,5194
B112,2050,NA,Aves,Falconiformes,Accipitridae,Hieraaetus fasciatus,2545.6,2545.6
B113,875,NA,Aves,Falconiformes,Accipitridae,Hieraaetus pennatus,975,975
B114,150,NA,Aves,Falconiformes,Falconidae,Falco naumanni,170,170
B115,245,NA,Aves,Falconiformes,Falconidae,Falco tinnunculus,252,252
B116,159,NA,Aves,Falconiformes,Falconidae,Falco vespertinus,167,167
B117,369,NA,Aves,Falconiformes,Falconidae,Falco eleonorae,388,388
B118,202.597,NA,Aves,Falconiformes,Falconidae,Falco columbarius,212,212
B119,235,NA,Aves,Falconiformes,Falconidae,Falco subbuteo,240.5,240.5
B12,331,NA,Aves,Procellariiformes,Procellariidae,Pterodroma madeira,NA,331
B120,675,NA,Aves,Falconiformes,Falconidae,Falco biarmicus,NA,675
B121,988,NA,Aves,Falconiformes,Falconidae,Falco cherrug,1130,1130
B122,1425,NA,Aves,Falconiformes,Falconidae,Falco rusticolus,1735,1735
B123,950,NA,Aves,Falconiformes,Falconidae,Falco peregrinus,865.6,865.6
B124,551,NA,Aves,Galliformes,Phasianidae,Lagopus lagopus,555,555
B125,700,NA,Aves,Galliformes,Phasianidae,Lagopus muta,NA,700
B126,2550,NA,Aves,Galliformes,Phasianidae,Tetrao urogallus,1985,1985
B127,1084.53,NA,Aves,Galliformes,Phasianidae,Tetrao tetrix,988,988
B128,815.5,NA,Aves,Galliformes,Phasianidae,Tetrao mlokosiewiczi,766,766
B129,391.23,NA,Aves,Galliformes,Phasianidae,Bonasa bonasia,370,370
B13,93.4,NA,Aves,Procellariiformes,Procellariidae,Bulweria bulwerii,99.9,99.9
B130,1833.45,NA,Aves,Galliformes,Phasianidae,Tetraogallus caucasicus,NA,1833.45
B131,2514.15,NA,Aves,Galliformes,Phasianidae,Tetraogallus caspius,2343.8,2343.8
B132,625,NA,Aves,Galliformes,Phasianidae,Alectoris graeca,575,575
B133,518.5,NA,Aves,Galliformes,Phasianidae,Alectoris chukar,501,501
B134,544.5,NA,Aves,Galliformes,Phasianidae,Alectoris barbara,NA,544.5
B135,425,NA,Aves,Galliformes,Phasianidae,Alectoris rufa,439,439
B136,197,NA,Aves,Galliformes,Phasianidae,Ammoperdix griseogularis,183.7,183.7
B137,456,NA,Aves,Galliformes,Phasianidae,Francolinus francolinus,425,425
B138,400,NA,Aves,Galliformes,Phasianidae,Perdix perdix,386,386
B139,102.5,NA,Aves,Galliformes,Phasianidae,Coturnix coturnix,103,103
B14,864,NA,Aves,Procellariiformes,Procellariidae,Calonectris diomedea,817.3,817.3
B140,1150,NA,Aves,Galliformes,Phasianidae,Phasianus colchicus,989,989
B141,65,NA,Aves,Gruiformes,Turnicidae,Turnix sylvatica,51,51
B142,2229,NA,Aves,Gruiformes,Gruidae,Anthropoides virgo,NA,2229
B143,5468.6,NA,Aves,Gruiformes,Gruidae,Grus grus,4500,4500
B144,137.5,NA,Aves,Gruiformes,Rallidae,Rallus aquaticus,104,104
B145,167.5,NA,Aves,Gruiformes,Rallidae,Crex crex,142,142
B146,48,NA,Aves,Gruiformes,Rallidae,Porzana parva,63,63
B147,44,NA,Aves,Gruiformes,Rallidae,Porzana pusilla,34,34
B148,87.5,NA,Aves,Gruiformes,Rallidae,Porzana porzana,80.7,80.7
B149,796.5,NA,Aves,Gruiformes,Rallidae,Porphyrio porphyrio,724,724
B15,452,NA,Aves,Procellariiformes,Procellariidae,Puffinus puffinus,506,506
B150,330,NA,Aves,Gruiformes,Rallidae,Gallinula chloropus,338,338
B151,917.5,NA,Aves,Gruiformes,Rallidae,Fulica cristata,900,900
B152,775,NA,Aves,Gruiformes,Rallidae,Fulica atra,715,715
B153,4962.21,NA,Aves,Gruiformes,Otididae,Otis tarda,3816,3816
B154,825,NA,Aves,Galliformes,Phasianidae,Tetrax tetrax,NA,825
B155,550,NA,Aves,Charadriiformes,Haematopodidae,Haematopus ostralegus,536,536
B156,180,NA,Aves,Charadriiformes,Recurvirostridae,Himantopus himantopus,157,157
B157,325,NA,Aves,Charadriiformes,Recurvirostridae,Recurvirostra avosetta,NA,325
B158,410,NA,Aves,Charadriiformes,Burhinidae,Burhinus oedicnemus,449,449
B159,77.1,NA,Aves,Charadriiformes,Glareolidae,Glareola pratincola,75,75
B16,451,NA,Aves,Procellariiformes,Procellariidae,Puffinus yelkouan,NA,451
B160,97.3,NA,Aves,Charadriiformes,Glareolidae,Glareola nordmanni,96,96
B161,230,NA,Aves,Charadriiformes,Charadriidae,Vanellus vanellus,226,226
B162,148,NA,Aves,Charadriiformes,Charadriidae,Hoplopterus spinosus,NA,148
B163,192,NA,Aves,Charadriiformes,Charadriidae,Hoplopterus indicus,NA,192
B165,124.8,NA,Aves,Charadriiformes,Charadriidae,Chettusia leucura,NA,124.8
B166,208.83,NA,Aves,Charadriiformes,Charadriidae,Pluvialis apricaria,176,176
B167,234.63,NA,Aves,Charadriiformes,Charadriidae,Pluvialis squatarola,NA,234.63
B168,63.363,NA,Aves,Charadriiformes,Charadriidae,Charadrius hiaticula,64.7,64.7
B169,40,NA,Aves,Charadriiformes,Charadriidae,Charadrius dubius,39.2,39.2
B17,521.5,NA,Aves,Procellariiformes,Procellariidae,Puffinus mauretanicus,NA,521.5
B170,50,NA,Aves,Charadriiformes,Charadriidae,Charadrius alexandrinus,47.1,47.1
B171,87.6,NA,Aves,Charadriiformes,Charadriidae,Charadrius leschenaultii,NA,87.6
B172,76.74,NA,Aves,Charadriiformes,Charadriidae,Charadrius asiaticus,76.2,76.2
B173,108.43,NA,Aves,Charadriiformes,Charadriidae,Charadrius morinellus,NA,108.43
B174,335,NA,Aves,Charadriiformes,Scolopacidae,Scolopax rusticola,313,313
B175,50.3,NA,Aves,Charadriiformes,Scolopacidae,Lymnocryptes minimus,46.7,46.7
B176,122,NA,Aves,Charadriiformes,Scolopacidae,Gallinago stenura,132,132
B177,177,NA,Aves,Charadriiformes,Scolopacidae,Gallinago media,175,175
B178,100,NA,Aves,Charadriiformes,Scolopacidae,Gallinago gallinago,128,128
B179,300,NA,Aves,Charadriiformes,Scolopacidae,Limosa limosa,315,315
B18,222.5,NA,Aves,Procellariiformes,Procellariidae,Puffinus assimilis,NA,222.5
B180,311,NA,Aves,Charadriiformes,Scolopacidae,Limosa lapponica,354,354
B181,393.5,NA,Aves,Charadriiformes,Scolopacidae,Numenius phaeopus,398,398
B182,762.5,NA,Aves,Charadriiformes,Scolopacidae,Numenius arquata,788,788
B183,164.71,NA,Aves,Charadriiformes,Scolopacidae,Tringa erythropus,161,161
B184,120,NA,Aves,Charadriiformes,Scolopacidae,Tringa totanus,135,135
B185,70.32,NA,Aves,Charadriiformes,Scolopacidae,Tringa stagnatilis,76,76
B186,173.5,NA,Aves,Charadriiformes,Scolopacidae,Tringa nebularia,175,175
B187,79.11,NA,Aves,Charadriiformes,Scolopacidae,Tringa ochropus,85,85
B188,71.43,NA,Aves,Charadriiformes,Scolopacidae,Tringa glareola,73,73
B189,79.25,NA,Aves,Charadriiformes,Scolopacidae,Xenus cinereus,NA,79.25
B19,48.9,NA,Aves,Procellariiformes,Hydrobatidae,Pelagodroma marina,41.4,41.4
B190,46.4125,NA,Aves,Charadriiformes,Scolopacidae,Actitis hypoleucos,NA,46.4125
B191,110.5,NA,Aves,Charadriiformes,Scolopacidae,Arenaria interpres,113,113
B192,148,NA,Aves,Charadriiformes,Scolopacidae,Calidris canutus,148,148
B193,75.7,NA,Aves,Charadriiformes,Scolopacidae,Calidris alba,55.4,55.4
B194,23.475,NA,Aves,Charadriiformes,Scolopacidae,Calidris minuta,27.1,27.1
B195,25.1667,NA,Aves,Charadriiformes,Scolopacidae,Calidris temminckii,27.8,27.8
B196,76.7,NA,Aves,Charadriiformes,Scolopacidae,Calidris melanotos,65.1,65.1
B197,47.528,NA,Aves,Charadriiformes,Scolopacidae,Calidris alpina,45.1,45.1
B198,68.8,NA,Aves,Charadriiformes,Scolopacidae,Calidris maritima,76.3,76.3
B199,37,NA,Aves,Charadriiformes,Scolopacidae,Limicola falcinellus,NA,37
B2,1987,NA,Aves,Gaviiformes,Gaviidae,Gavia arctica,2254,2254
B20,25.8,NA,Aves,Procellariiformes,Hydrobatidae,Hydrobates pelagicus,NA,25.8
B200,144.36,NA,Aves,Charadriiformes,Scolopacidae,Philomachus pugnax,118,118
B201,34.9,NA,Aves,Charadriiformes,Scolopacidae,Phalaropus lobatus,37.4,37.4
B202,59.22,NA,Aves,Charadriiformes,Scolopacidae,Phalaropus fulicarius,NA,59.22
B203,1431.5,NA,Aves,Charadriiformes,Stercorariidae,Stercorarius skua,NA,1431.5
B204,703.5,NA,Aves,Charadriiformes,Stercorariidae,Stercorarius pomarinus,740,740
B205,458.08,NA,Aves,Charadriiformes,Stercorariidae,Stercorarius parasiticus,408,408
B206,289.38,NA,Aves,Charadriiformes,Stercorariidae,Stercorarius longicaudus,307.2,307.2
B207,403,NA,Aves,Charadriiformes,Laridae,Larus canus,360,360
B208,562,NA,Aves,Charadriiformes,Laridae,Larus audouinii,NA,562
B209,1650,NA,Aves,Charadriiformes,Laridae,Larus marinus,1407,1407
B21,44.7,NA,Aves,Procellariiformes,Hydrobatidae,Oceanodroma leucorhoa,45.4,45.4
B210,1466,NA,Aves,Charadriiformes,Laridae,Larus hyperboreus,1249,1249
B211,863,NA,Aves,Charadriiformes,Laridae,Larus glaucoides,NA,863
B212,1000,NA,Aves,Charadriiformes,Laridae,Larus argentatus,813,813
B213,813.5,NA,Aves,Charadriiformes,Laridae,Larus fuscus,755,755
B214,924,NA,Aves,Charadriiformes,Laridae,Larus cachinnans,1033,1033
B215,866.7,NA,Aves,Charadriiformes,Laridae,Larus armenicus,NA,866.7
B216,1378,NA,Aves,Charadriiformes,Laridae,Larus ichthyaetus,1143,1143
B217,287.5,NA,Aves,Charadriiformes,Laridae,Larus ridibundus,267,267
B218,284,NA,Aves,Charadriiformes,Laridae,Larus genei,236,236
B219,300,NA,Aves,Charadriiformes,Laridae,Larus melanocephalus,NA,300
B22,42.6,NA,Aves,Procellariiformes,Hydrobatidae,Oceanodroma castro,NA,42.6
B220,99,NA,Aves,Charadriiformes,Laridae,Larus minutus,98,98
B221,529.5,NA,Aves,Charadriiformes,Laridae,Pagophila eburnea,507,507
B222,175.6,NA,Aves,Charadriiformes,Laridae,Larus sabini,NA,175.6
B223,387,NA,Aves,Charadriiformes,Laridae,Rissa tridactyla,393,393
B224,250,NA,Aves,Charadriiformes,Laridae,Gelochelidon nilotica,NA,250
B225,624,NA,Aves,Charadriiformes,Laridae,Sterna caspia,588,588
B226,204,NA,Aves,Charadriiformes,Laridae,Sterna bengalensis,NA,204
B227,235,NA,Aves,Charadriiformes,Laridae,Sterna sandvicensis,NA,235
B228,116,NA,Aves,Charadriiformes,Laridae,Sterna dougallii,NA,116
B229,120,NA,Aves,Charadriiformes,Laridae,Sterna hirundo,126,126
B23,700,NA,Aves,Pelecaniformes,Phaethontidae,Phaethon aethereus,NA,700
B230,107.33,NA,Aves,Charadriiformes,Laridae,Sterna paradisaea,117,117
B231,57.5,NA,Aves,Charadriiformes,Laridae,Sterna albifrons,55,55
B232,180,NA,Aves,Charadriiformes,Laridae,Sterna fuscata,NA,180
B233,87.5,NA,Aves,Charadriiformes,Laridae,Chlidonias hybrida,NA,87.5
B234,64.295,NA,Aves,Charadriiformes,Laridae,Chlidonias leucopterus,NA,64.295
B235,62.5,NA,Aves,Charadriiformes,Laridae,Chlidonias niger,58.7,58.7
B236,160.5,NA,Aves,Charadriiformes,Alcidae,Alle alle,151,151
B237,923.84,NA,Aves,Charadriiformes,Alcidae,Uria aalge,985,985
B238,958.75,NA,Aves,Charadriiformes,Alcidae,Uria lomvia,928,928
B239,636,NA,Aves,Charadriiformes,Alcidae,Alca torda,700,700
B24,3015,NA,Aves,Pelecaniformes,Sulidae,Morus bassanus,3067,3067
B240,395.8,NA,Aves,Charadriiformes,Alcidae,Cepphus grylle,386,386
B241,460.1,NA,Aves,Charadriiformes,Alcidae,Fratercula arctica,361,361
B242,242.5,NA,Aves,Columbiformes,Pteroclididae,Pterocles alchata,225,225
B243,425.25,NA,Aves,Columbiformes,Pteroclididae,Pterocles orientalis,383,383
B244,270,NA,Aves,Columbiformes,Columbidae,Columba livia,267,267
B245,295,NA,Aves,Columbiformes,Columbidae,Columba oenas,280,280
B246,485,NA,Aves,Columbiformes,Columbidae,Columba palumbus,497,497
B247,462.5,NA,Aves,Columbiformes,Columbidae,Columba trocaz,NA,462.5
B248,187.5,NA,Aves,Columbiformes,Columbidae,Streptopelia turtur,142,142
B249,187.5,NA,Aves,Columbiformes,Columbidae,Streptopelia decaocto,189,189
B25,2250,NA,Aves,Pelecaniformes,Phalacrocoracidae,Phalacrocorax carbo,2000,2000
B250,109.5,NA,Aves,Columbiformes,Columbidae,Streptopelia senegalensis,98.4,98.4
B251,155,NA,Aves,Cuculiformes,Cuculidae,Clamator glandarius,138,138
B252,117.5,NA,Aves,Cuculiformes,Cuculidae,Cuculus canorus,106,106
B253,99.34,NA,Aves,Cuculiformes,Cuculidae,Cuculus saturatus,77,77
B254,520,NA,Aves,Strigiformes,Tytonidae,Tyto alba,392,392
B255,110,NA,Aves,Strigiformes,Strigidae,Otus brucei,NA,110
B256,85,NA,Aves,Strigiformes,Strigidae,Otus scops,NA,85
B257,2250,NA,Aves,Strigiformes,Strigidae,Bubo bubo,2992,2992
B258,1797.96,NA,Aves,Strigiformes,Strigidae,Nyctea scandiaca,1961,1961
B259,505,NA,Aves,Strigiformes,Strigidae,Strix aluco,486,486
B26,1930,NA,Aves,Pelecaniformes,Phalacrocoracidae,Phalacrocorax aristotelis,1598,1598
B260,775.22,NA,Aves,Strigiformes,Strigidae,Strix uralensis,870,870
B261,971.5,NA,Aves,Strigiformes,Strigidae,Strix nebulosa,1186,1186
B262,311.5,NA,Aves,Strigiformes,Strigidae,Surnia ulula,320,320
B263,64.3,NA,Aves,Strigiformes,Strigidae,Glaucidium passerinum,73,73
B264,170,NA,Aves,Strigiformes,Strigidae,Athene noctua,176,176
B265,131.4,NA,Aves,Strigiformes,Strigidae,Aegolius funereus,167,167
B266,327.5,NA,Aves,Strigiformes,Strigidae,Asio otus,278,278
B267,320,NA,Aves,Strigiformes,Strigidae,Asio flammeus,312,312
B268,75,NA,Aves,Caprimulgiformes,Caprimulgidae,Caprimulgus ruficollis,83.5,83.5
B269,87.5,NA,Aves,Caprimulgiformes,Caprimulgidae,Caprimulgus europaeus,83.2,83.2
B27,679.2,NA,Aves,Pelecaniformes,Phalacrocoracidae,Phalacrocorax pygmaeus,NA,679.2
B270,100,NA,Aves,Apodiformes,Apodidae,Apus melba,NA,100
B271,41.5,NA,Aves,Apodiformes,Apodidae,Apus apus,40.3,40.3
B272,22.5,NA,Aves,Apodiformes,Apodidae,Apus unicolor,NA,22.5
B273,43,NA,Aves,Apodiformes,Apodidae,Apus pallidus,NA,43
B274,25,NA,Aves,Apodiformes,Apodidae,Apus affinis,25,25
B275,22.1,NA,Aves,Apodiformes,Apodidae,Apus caffer,NA,22.1
B276,42.5,NA,Aves,Coraciiformes,Alcedinidae,Alcedo atthis,43.8,43.8
B277,101,NA,Aves,Coraciiformes,Alcedinidae,Halcyon smyrnensis,NA,101
B278,95,NA,Aves,Coraciiformes,Alcedinidae,Ceryle rudis,86.4,86.4
B279,49,NA,Aves,Coraciiformes,Meropidae,Merops superciliosus,NA,49
B28,11000,NA,Aves,Pelecaniformes,Pelecanidae,Pelecanus onocrotalus,7590,7590
B280,61,NA,Aves,Coraciiformes,Meropidae,Merops apiaster,54.4,54.4
B281,132.5,NA,Aves,Coraciiformes,Coraciidae,Coracias garrulus,148,148
B282,67.5,NA,Aves,Coraciiformes,Upupidae,Upupa epops,65.5,65.5
B283,37.5,NA,Aves,Piciformes,Picidae,Jynx torquilla,35.9,35.9
B284,20,NA,Aves,Piciformes,Picidae,Dendrocopos minor,22,22
B285,65,NA,Aves,Piciformes,Picidae,Dendrocopos medius,58.8,58.8
B286,108,NA,NA,NA,NA,Dendrocopos leucotos,105.5,105.5
B287,80,NA,Aves,Piciformes,Picidae,Dendrocopos major,89.6,89.6
B288,76.75,NA,Aves,Piciformes,Picidae,Dendrocopos syriacus,74,74
B289,63.72,NA,Aves,Piciformes,Picidae,Picoides tridactylus,61.2,61.2
B29,10687.5,NA,Aves,Pelecaniformes,Pelecanidae,Pelecanus crispus,NA,10687.5
B290,325,NA,Aves,Piciformes,Picidae,Dryocopus martius,255,255
B291,200,NA,Aves,Piciformes,Picidae,Picus viridis,198,198
B292,145,NA,Aves,Piciformes,Picidae,Picus canus,136,136
B293,26,NA,Aves,Passeriformes,Alaudidae,Ammomanes deserti,NA,26
B294,65,NA,Aves,Passeriformes,Alaudidae,Melanocorypha calandra,NA,65
B295,53.3,NA,Aves,Passeriformes,Alaudidae,Melanocorypha bimaculata,NA,53.3
B296,45.5,NA,Aves,Passeriformes,Alaudidae,Melanocorypha leucoptera,NA,45.5
B297,21.5,NA,Aves,Passeriformes,Alaudidae,Calandrella brachydactyla,NA,21.5
B298,23.3083,NA,Aves,Passeriformes,Alaudidae,Calandrella rufescens,NA,23.3083
B299,21.8,NA,Aves,Passeriformes,Alaudidae,Calandrella cheleensis,NA,21.8
B3,4134,NA,Aves,Gaviiformes,Gaviidae,Gavia immer,4500,4500
B30,900,NA,Aves,Ciconiiformes,Ardeidae,Ardea cinerea,1361,1361
B300,39.4,NA,Aves,Passeriformes,Alaudidae,Chersophilus duponti,NA,39.4
B301,40,NA,Aves,Passeriformes,Alaudidae,Galerida cristata,NA,40
B302,26,NA,Aves,Passeriformes,Alaudidae,Lullula arborea,NA,26
B303,45,NA,Aves,Passeriformes,Alaudidae,Alauda arvensis,NA,45
B304,36.58,NA,Aves,Passeriformes,Alaudidae,Eremophila alpestris,NA,36.58
B305,15,NA,Aves,Passeriformes,Hirundinidae,Riparia riparia,NA,15
B306,21,NA,Aves,Passeriformes,Hirundinidae,Ptyonoprogne rupestris,NA,21
B307,20.5,NA,Aves,Passeriformes,Hirundinidae,Hirundo rustica,NA,20.5
B308,19.5,NA,Aves,Passeriformes,Hirundinidae,Hirundo daurica,NA,19.5
B309,18,NA,Aves,Passeriformes,Hirundinidae,Delichon urbicum,NA,18
B31,1000,NA,Aves,Ciconiiformes,Ardeidae,Ardea purpurea,830,830
B310,21.71,NA,Aves,Passeriformes,Motacillidae,Motacilla alba,NA,21.71
B311,21.09,NA,Aves,Passeriformes,Motacillidae,Motacilla citreola,NA,21.09
B312,17.2,NA,Aves,Passeriformes,Motacillidae,Motacilla flava,NA,17.2
B313,20,NA,Aves,Passeriformes,Motacillidae,Motacilla cinerea,NA,20
B314,24,NA,Aves,Passeriformes,Motacillidae,Anthus campestris,NA,24
B315,16.5,NA,Aves,Passeriformes,Motacillidae,Anthus berthelotii,NA,16.5
B316,22.5,NA,Aves,Passeriformes,Motacillidae,Anthus trivialis,NA,22.5
B317,22.2,NA,Aves,Passeriformes,Motacillidae,Anthus hodgsoni,NA,22.2
B318,20.5,NA,Aves,Passeriformes,Motacillidae,Anthus pratensis,NA,20.5
B319,20.74,NA,Aves,Passeriformes,Motacillidae,Anthus cervinus,NA,20.74
B32,1680,NA,Aves,Ciconiiformes,Ardeidae,Egretta alba,NA,1680
B320,24.6,NA,Aves,Passeriformes,Motacillidae,Anthus petrosus,NA,24.6
B321,22,NA,Aves,Passeriformes,Motacillidae,Anthus spinoletta,NA,22
B322,44,NA,Aves,Passeriformes,Pycnonotidae,Pycnonotus xanthopygos,NA,44
B323,6,NA,Aves,Passeriformes,Reguliidae,Regulus regulus,NA,6
B324,6,NA,Aves,Passeriformes,Reguliidae,Regulus ignicapillus,NA,6
B325,59.94,NA,Aves,Passeriformes,Bombycillidae,Bombycilla garrulus,NA,59.94
B326,65,NA,Aves,Passeriformes,Cinclidae,Cinclus cinclus,NA,65
B327,10.5,NA,Aves,Passeriformes,Troglodytidae,Troglodytes troglodytes,NA,10.5
B328,40,NA,Aves,Passeriformes,Prunellidae,Prunella collaris,NA,40
B329,18.3,NA,Aves,Passeriformes,Prunellidae,Prunella montanella,NA,18.3
B33,500,NA,Aves,Ciconiiformes,Ardeidae,Egretta garzetta,510,510
B330,25,NA,Aves,Passeriformes,Prunellidae,Prunella ocularis,NA,25
B331,18.77,NA,Aves,Passeriformes,Prunellidae,Prunella atrogularis,NA,18.77
B332,20,NA,Aves,Passeriformes,Prunellidae,Prunella modularis,NA,20
B333,53.5,NA,Aves,Passeriformes,Muscicapidae,Monticola saxatilis,NA,53.5
B334,45.5,NA,Aves,Passeriformes,Muscicapidae,Monticola solitarius,NA,45.5
B335,135.68,NA,Aves,Passeriformes,Turdidae,Zoothera dauma,NA,135.68
B336,110,NA,Aves,Passeriformes,Turdidae,Turdus torquatus,NA,110
B337,95,NA,Aves,Passeriformes,Turdidae,Turdus merula,NA,95
B338,87.83,NA,Aves,Passeriformes,Turdidae,Turdus ruficollis,NA,87.83
B339,110,NA,Aves,Passeriformes,Turdidae,Turdus pilaris,NA,110
B34,275,NA,Aves,Ciconiiformes,Ardeidae,Ardeola ralloides,291,291
B340,57.41,NA,Aves,Passeriformes,Turdidae,Turdus iliacus,NA,57.41
B341,77.5,NA,Aves,Passeriformes,Turdidae,Turdus philomelos,NA,77.5
B342,125,NA,Aves,Passeriformes,Turdidae,Turdus viscivorus,NA,125
B343,10,NA,Aves,Passeriformes,Cisticolidae,Cisticola juncidis,NA,10
B344,6.6,NA,Aves,Passeriformes,Cisticolidae,Prinia gracilis,NA,6.6
B345,14,NA,Aves,Passeriformes,Sylviidae,Cettia cetti,NA,14
B346,9.47,NA,Aves,Passeriformes,Sylviidae,Locustella lanceolata,NA,9.47
B347,13,NA,Aves,Passeriformes,Sylviidae,Locustella naevia,NA,13
B348,18.13,NA,Aves,Passeriformes,Sylviidae,Locustella fluviatilis,NA,18.13
B349,16,NA,Aves,Passeriformes,Sylviidae,Locustella luscinioides,NA,16
B35,350,NA,Aves,Ciconiiformes,Ardeidae,Bubulcus ibis,304,304
B350,11.28,NA,Aves,Passeriformes,Sylviidae,Acrocephalus melanopogon,NA,11.28
B351,12.85,NA,Aves,Passeriformes,Sylviidae,Acrocephalus paludicola,NA,12.85
B352,11.5,NA,Aves,Passeriformes,Sylviidae,Acrocephalus schoenobaenus,NA,11.5
B353,10.5,NA,Aves,Passeriformes,Sylviidae,Acrocephalus agricola,NA,10.5
B354,12.5,NA,Aves,Passeriformes,Sylviidae,Acrocephalus scirpaceus,NA,12.5
B355,11.85,NA,Aves,Passeriformes,Sylviidae,Acrocephalus dumetorum,NA,11.85
B356,13,NA,Aves,Passeriformes,Sylviidae,Acrocephalus palustris,NA,13
B357,31,NA,Aves,Passeriformes,Sylviidae,Acrocephalus arundinaceus,NA,31
B358,8.868,NA,Aves,Passeriformes,Sylviidae,Hippolais caligata,NA,8.868
B359,9.5,NA,Aves,Passeriformes,Sylviidae,Hippolais pallida,NA,9.5
B36,872.5,NA,Aves,Ciconiiformes,Ardeidae,Nycticorax nycticorax,590,590
B360,12,NA,Aves,Passeriformes,Sylviidae,Hippolais languida,NA,12
B361,18.4,NA,Aves,Passeriformes,Sylviidae,Hippolais olivetorum,NA,18.4
B362,12.5,NA,Aves,Passeriformes,Sylviidae,Hippolais polyglotta,NA,12.5
B363,17.5,NA,Aves,Passeriformes,Sylviidae,Hippolais icterina,NA,17.5
B364,9,NA,Aves,Passeriformes,Sylviidae,Phylloscopus trochilus,NA,9
B365,7.5,NA,Aves,Passeriformes,Sylviidae,Phylloscopus collybita,NA,7.5
B366,8.25,NA,Aves,Passeriformes,Sylviidae,Phylloscopus sindianus,NA,8.25
B367,8,NA,Aves,Passeriformes,Sylviidae,Phylloscopus bonelli,NA,8
B368,9.5,NA,Aves,Passeriformes,Sylviidae,Phylloscopus sibilatrix,NA,9.5
B369,6.3,NA,Aves,Passeriformes,Sylviidae,Phylloscopus inornatus,NA,6.3
B37,137.5,NA,Aves,Ciconiiformes,Ardeidae,Ixobrychus minutus,146,146
B370,10,NA,Aves,Passeriformes,Sylviidae,Phylloscopus borealis,NA,10
B371,7.42,NA,Aves,Passeriformes,Sylviidae,Phylloscopus trochiloides,NA,7.42
B372,17,NA,Aves,Passeriformes,Sylviidae,Sylvia atricapilla,NA,17
B373,19.5,NA,Aves,Passeriformes,Sylviidae,Sylvia borin,NA,19.5
B374,15,NA,Aves,Passeriformes,Sylviidae,Sylvia communis,NA,15
B375,13,NA,Aves,Passeriformes,Sylviidae,Sylvia curruca,NA,13
B376,24.77,NA,Aves,Passeriformes,Sylviidae,Sylvia nisoria,NA,24.77
B377,23.5,NA,Aves,Passeriformes,Sylviidae,Sylvia hortensis,NA,23.5
B378,13.2,NA,Aves,Passeriformes,Sylviidae,Sylvia rueppelli,NA,13.2
B379,11,NA,Aves,Passeriformes,Sylviidae,Sylvia cantillans,NA,11
B38,1000,NA,Aves,Ciconiiformes,Ardeidae,Botaurus stellaris,2017,2017
B380,13,NA,Aves,Passeriformes,Sylviidae,Sylvia melanocephala,NA,13
B381,11.4,NA,Aves,Passeriformes,Sylviidae,Sylvia melanothorax,NA,11.4
B382,9.7,NA,Aves,Passeriformes,Sylviidae,Sylvia mystacea,NA,9.7
B383,9,NA,Aves,Passeriformes,Sylviidae,Sylvia conspicillata,NA,9
B384,11,NA,Aves,Passeriformes,Sylviidae,Sylvia undata,NA,11
B385,9.6,NA,Aves,Passeriformes,Sylviidae,Sylvia sarda,NA,9.6
B386,16,NA,Aves,Passeriformes,Muscicapidae,Muscicapa striata,NA,16
B387,12,NA,Aves,Passeriformes,Muscicapidae,Ficedula hypoleuca,NA,12
B388,14.64,NA,Aves,Passeriformes,Muscicapidae,Ficedula albicollis,NA,14.64
B389,14.15,NA,Aves,Passeriformes,Muscicapidae,Ficedula semitorquata,NA,14.15
B39,3000,NA,Aves,Ciconiiformes,Ciconiidae,Ciconia nigra,NA,3000
B390,9.5,NA,Aves,Passeriformes,Muscicapidae,Ficedula parva,NA,9.5
B391,19,NA,Aves,Passeriformes,Muscicapidae,Erithacus rubecula,NA,19
B392,25,NA,Aves,Passeriformes,Muscicapidae,Luscinia luscinia,NA,25
B393,22.5,NA,Aves,Passeriformes,Muscicapidae,Luscinia megarhynchos,NA,22.5
B394,22,NA,Aves,Passeriformes,Muscicapidae,Luscinia calliope,NA,22
B395,19,NA,Aves,Passeriformes,Muscicapidae,Luscinia svecica,NA,19
B396,13.42,NA,Aves,Passeriformes,Muscicapidae,Tarsiger cyanurus,NA,13.42
B397,22.9,NA,Aves,Passeriformes,Muscicapidae,Irania gutturalis,NA,22.9
B398,20.83,NA,Aves,Passeriformes,Muscicapidae,Cercotrichas galactotes,NA,20.83
B399,17,NA,Aves,Passeriformes,Muscicapidae,Phoenicurus ochruros,NA,17
B4,5231.1,NA,Aves,Gaviiformes,Gaviidae,Gavia adamsii,5212.5,5212.5
B40,3250,NA,Aves,Ciconiiformes,Ciconiidae,Ciconia ciconia,3150,3150
B400,16,NA,Aves,Passeriformes,Muscicapidae,Phoenicurus phoenicurus,NA,16
B401,20,NA,Aves,Passeriformes,Muscicapidae,Saxicola rubetra,NA,20
B402,15.5,NA,Aves,Passeriformes,Muscicapidae,Saxicola torquata,NA,15.5
B403,41,NA,Aves,Passeriformes,Muscicapidae,Oenanthe leucura,NA,41
B404,23.5,NA,Aves,Passeriformes,Muscicapidae,Oenanthe oenanthe,NA,23.5
B405,26.8,NA,Aves,Passeriformes,Muscicapidae,Oenanthe finschii,NA,26.8
B406,18.61,NA,Aves,Passeriformes,Muscicapidae,Oenanthe pleschanka,NA,18.61
B407,18.5,NA,Aves,Passeriformes,Muscicapidae,Oenanthe hispanica,NA,18.5
B408,22.5,NA,Aves,Passeriformes,Muscicapidae,Oenanthe chrysopygia,NA,22.5
B409,19.1,NA,Aves,Passeriformes,Muscicapidae,Oenanthe deserti,NA,19.1
B41,634,NA,Aves,Ciconiiformes,Threskiornithidae,Plegadis falcinellus,605,605
B410,18.6,NA,Aves,Passeriformes,Muscicapidae,Oenanthe cypriaca,NA,18.6
B411,27.99,NA,Aves,Passeriformes,Muscicapidae,Oenanthe isabellina,NA,27.99
B412,15,NA,Aves,Passeriformes,Timaliidae,Panurus biarmicus,NA,15
B413,8,NA,Aves,Passeriformes,Aegithalidae,Aegithalos caudatus,NA,8
B414,15.8,NA,Aves,Passeriformes,Paridae,Parus lugubris,NA,15.8
B415,10.5,NA,Aves,Passeriformes,Paridae,Parus palustris,NA,10.5
B416,10.5,NA,Aves,Passeriformes,Paridae,Parus montanus,NA,10.5
B417,12.45,NA,Aves,Passeriformes,Paridae,Parus cinctus,NA,12.45
B418,9,NA,Aves,Passeriformes,Paridae,Parus ater,NA,9
B419,11.5,NA,Aves,Passeriformes,Paridae,Parus cristatus,NA,11.5
B42,1450,NA,Aves,Ciconiiformes,Threskiornithidae,Platalea leucorodia,1130,1130
B420,18.5,NA,Aves,Passeriformes,Paridae,Parus major,NA,18.5
B421,10.5,NA,Aves,Passeriformes,Paridae,Parus caeruleus,NA,10.5
B422,12.68,NA,Aves,Passeriformes,Paridae,Parus cyanus,NA,12.68
B423,21.5,NA,Aves,Passeriformes,Sittidae,Sitta europaea,NA,21.5
B424,11.8,NA,Aves,Passeriformes,Sittidae,Sitta whiteheadi,NA,11.8
B425,12.5,NA,Aves,Passeriformes,Sittidae,Sitta krueperi,NA,12.5
B426,31,NA,Aves,Passeriformes,Sittidae,Sitta neumayer,NA,31
B427,46.7,NA,Aves,Passeriformes,Sittidae,Sitta tephronota,NA,46.7
B428,17.5,NA,Aves,Passeriformes,Sittidae,Tichodroma muraria,NA,17.5
B429,9.5,NA,Aves,Passeriformes,Certhiidae,Certhia familiaris,NA,9.5
B43,3052,NA,Aves,Phoenicopteriformes,Phoenicopteridae,Phoenicopterus roseus,NA,3052
B430,10,NA,Aves,Passeriformes,Certhiidae,Certhia brachydactyla,NA,10
B431,8.98,NA,Aves,Passeriformes,Remizidae,Remiz pendulinus,NA,8.98
B432,71.5,NA,Aves,Passeriformes,Oriolidae,Oriolus oriolus,72.8,72.8
B433,34.5,NA,Aves,Passeriformes,Laniidae,Lanius collurio,32.5,32.5
B434,54.5,NA,Aves,Passeriformes,Laniidae,Lanius excubitor,NA,54.5
B435,55.8,NA,Aves,Passeriformes,Laniidae,Lanius meridionalis,NA,55.8
B436,49.27,NA,Aves,Passeriformes,Laniidae,Lanius minor,47.2,47.2
B437,22.8,NA,Aves,Passeriformes,Laniidae,Lanius nubicus,24,24
B438,39,NA,Aves,Passeriformes,Laniidae,Lanius senator,37.4,37.4
B439,82.7,NA,Aves,Passeriformes,Corvidae,Perisoreus infaustus,81.8,81.8
B44,11000,NA,Aves,Anseriformes,Anatidae,Cygnus olor,9670,9670
B440,165,NA,Aves,Passeriformes,Corvidae,Garrulus glandarius,163.5,163.5
B441,73.283,NA,Aves,Passeriformes,Corvidae,Cyanopica cyanus,NA,73.283
B442,177.5,NA,Aves,Passeriformes,Corvidae,Pica pica,220,220
B443,175,NA,Aves,Passeriformes,Corvidae,Nucifraga caryocatactes,188,188
B444,320,NA,Aves,Passeriformes,Corvidae,Pyrrhocorax pyrrhocorax,236.3,236.3
B445,207.5,NA,Aves,Passeriformes,Corvidae,Pyrrhocorax graculus,212.5,212.5
B446,245,NA,Aves,Passeriformes,Corvidae,Corvus monedula,215,215
B447,450,NA,Aves,Passeriformes,Corvidae,Corvus frugilegus,418,418
B448,517.622,NA,Aves,Passeriformes,Corvidae,Corvus corone,512,512
B449,1145,NA,Aves,Passeriformes,Corvidae,Corvus corax,1147.1,1147.1
B45,9535,NA,Aves,Anseriformes,Anatidae,Cygnus cygnus,8750,8750
B450,75.05,NA,Aves,Passeriformes,Sturnidae,Sturnus roseus,NA,75.05
B451,78,NA,Aves,Passeriformes,Sturnidae,Sturnus vulgaris,NA,78
B452,90,NA,Aves,Passeriformes,Sturnidae,Sturnus unicolor,NA,90
B453,27,NA,Aves,Passeriformes,Emberizidae,Emberiza citrinella,NA,27
B454,27.5,NA,Aves,Passeriformes,Emberizidae,Emberiza leucocephalos,NA,27.5
B455,21,NA,Aves,Passeriformes,Emberizidae,Emberiza cirlus,NA,21
B456,25,NA,Aves,Passeriformes,Emberizidae,Emberiza cia,NA,25
B457,21.1,NA,Aves,Passeriformes,Emberizidae,Emberiza buchanani,NA,21.1
B458,22.3,NA,Aves,Passeriformes,Emberizidae,Emberiza cineracea,NA,22.3
B459,23,NA,Aves,Passeriformes,Emberizidae,Emberiza hortulana,NA,23
B46,6050,NA,Aves,Anseriformes,Anatidae,Cygnus columbianus,6305,6305
B460,21.1,NA,Aves,Passeriformes,Emberizidae,Emberiza caesia,NA,21.1
B461,14.413,NA,Aves,Passeriformes,Emberizidae,Emberiza pusilla,NA,14.413
B462,20.55,NA,Aves,Passeriformes,Emberizidae,Emberiza rustica,NA,20.55
B463,21.4,NA,Aves,Passeriformes,Emberizidae,Emberiza aureola,NA,21.4
B464,28.01,NA,Aves,Passeriformes,Emberizidae,Emberiza melanocephala,NA,28.01
B465,24.3,NA,Aves,Passeriformes,Emberizidae,Emberiza bruniceps,NA,24.3
B466,14.4,NA,Aves,Passeriformes,Emberizidae,Emberiza pallasi,NA,14.4
B467,20.5,NA,Aves,Passeriformes,Emberizidae,Emberiza schoeniclus,NA,20.5
B468,46.5,NA,Aves,Passeriformes,Emberizidae,Miliaria calandra,NA,46.5
B469,24.093,NA,Aves,Passeriformes,Emberizidae,Calcarius lapponicus,NA,24.093
B47,3020.5,NA,Aves,Anseriformes,Anatidae,Anser fabalis,2843,2843
B470,36.21,NA,Aves,Passeriformes,Emberizidae,Plectrophenax nivalis,NA,36.21
B471,21.5,NA,Aves,Passeriformes,Fringillidae,Fringilla coelebs,NA,21.5
B472,24.5,NA,Aves,Passeriformes,Fringillidae,Fringilla montifringilla,NA,24.5
B473,54.55,NA,Aves,Passeriformes,Fringillidae,Pinicola enucleator,NA,54.55
B474,22.95,NA,Aves,Passeriformes,Fringillidae,Carpodacus erythrinus,NA,22.95
B475,45.9,NA,Aves,Passeriformes,Fringillidae,Carpodacus rubicilla,NA,45.9
B476,53.2,NA,Aves,Passeriformes,Fringillidae,Loxia pytyopsittacus,NA,53.2
B477,43.2,NA,Aves,Passeriformes,Fringillidae,Loxia scotica,NA,43.2
B478,40,NA,Aves,Passeriformes,Fringillidae,Loxia curvirostra,NA,40
B479,31.7,NA,Aves,Passeriformes,Fringillidae,Loxia leucoptera,NA,31.7
B48,2486.2,NA,Aves,Anseriformes,Anatidae,Anser brachyrhynchus,2520,2520
B480,27.9,NA,Aves,Passeriformes,Fringillidae,Carduelis chloris,NA,27.9
B481,14.1,NA,Aves,Passeriformes,Fringillidae,Carduelis flammea,NA,14.1
B482,12.95,NA,Aves,Passeriformes,Fringillidae,Carduelis hornemanni,NA,12.95
B483,12,NA,Aves,Passeriformes,Fringillidae,Carduelis spinus,NA,12
B484,16,NA,Aves,Passeriformes,Fringillidae,Carduelis carduelis,NA,16
B485,15.2722,NA,Aves,Passeriformes,Fringillidae,Carduelis flavirostris,NA,15.2722
B486,17.5,NA,Aves,Passeriformes,Fringillidae,Carduelis cannabina,NA,17.5
B487,12,NA,Aves,Passeriformes,Fringillidae,Serinus pusillus,NA,12
B488,12,NA,Aves,Passeriformes,Fringillidae,Serinus serinus,NA,12
B489,17.5,NA,Aves,Passeriformes,Fringillidae,Serinus canaria,NA,17.5
B49,2587,NA,Aves,Anseriformes,Anatidae,Anser albifrons,2508,2508
B490,12.5,NA,Aves,Passeriformes,Fringillidae,Serinus citrinella,NA,12.5
B491,26,NA,Aves,Passeriformes,Fringillidae,Pyrrhula pyrrhula,NA,26
B492,30,NA,Aves,Passeriformes,Fringillidae,Pyrrhula murina,NA,30
B493,55,NA,Aves,Passeriformes,Fringillidae,Coccothraustes coccothraustes,NA,55
B494,39.6,NA,Aves,Passeriformes,Fringillidae,Rhodopechys sanguinea,NA,39.6
B495,20.9,NA,Aves,Passeriformes,Fringillidae,Bucanetes githagineus,NA,20.9
B496,20.7,NA,Aves,Passeriformes,Fringillidae,Bucanetes mongolicus,NA,20.7
B497,26.7,NA,Aves,Passeriformes,Fringillidae,Rhodospiza obsoleta,NA,26.7
B498,28,NA,Aves,Passeriformes,Passeridae,Passer italiae,NA,28
B499,30,NA,Aves,Passeriformes,Passeridae,Passer domesticus,NA,30
B5,150,NA,Aves,Podicipediformes,Podicipedidae,Tachybaptus ruficollis,130,130
B50,1650,NA,Aves,Anseriformes,Anatidae,Anser erythropus,1725,1725
B500,27.78,NA,Aves,Passeriformes,Passeridae,Passer hispaniolensis,NA,27.78
B501,18.15,NA,Aves,Passeriformes,Passeridae,Passer moabiticus,NA,18.15
B502,22,NA,Aves,Passeriformes,Passeridae,Passer montanus,NA,22
B503,19,NA,Aves,Passeriformes,Passeridae,Gymnoris xanthocollis,NA,19
B504,30,NA,Aves,Passeriformes,Passeridae,Petronia petronia,NA,30
B505,23.2,NA,Aves,Passeriformes,Passeridae,Petronia brachydactyla,NA,23.2
B506,35.07,NA,Aves,Passeriformes,Passeridae,Montifringilla nivalis,NA,35.07
B507,37.3,NA,Aves,Passeriformes,Alaudidae,Galerida theklae,NA,37.3
B508,360,NA,Aves,Columbiformes,Columbidae,Columba bollii,NA,360
B509,380,NA,Aves,Columbiformes,Columbidae,Columba junoniae,NA,380
B51,2900,NA,Aves,Anseriformes,Anatidae,Anser anser,3237,3237
B510,30.1,NA,Aves,Passeriformes,Fringillidae,Fringilla teydea,NA,30.1
B513,12.1,NA,Aves,Passeriformes,Muscicapidae,Saxicola dacotiae,NA,12.1
B514,238,NA,Aves,Charadriiformes,Charadriidae,Vanellus gregarius,200,200
B515,NA,NA,Aves,Gruiformes,Otididae,Chlamydotis undulata,1360,1360
B516,NA,NA,Aves,Charadriiformes,Glareolidae,Cursorius cursor,128,128
B517,7.5,NA,NA,NA,NA,Phylloscopus ibericus,NA,7.5
B518,11,NA,NA,NA,NA,Sylvia albistriata,NA,11
B519,11,NA,NA,NA,NA,Sylvia subalpina,NA,11
B520,11,NA,NA,NA,NA,Sylvia inornata,NA,11
B521,8,NA,NA,NA,NA,Phylloscopus orientalis,NA,8
B522,6,NA,NA,NA,NA,Regulus madeirensis,NA,6
B523,12.5,NA,NA,NA,NA,Serinus corsicana,NA,12.5
B524,517.622,NA,NA,NA,NA,Corvus cornix,NA,517.622
B525,NA,NA,NA,NA,NA,Chlamydotis macqueenii,NA,NA
B526,7.5,NA,NA,NA,NA,Phylloscopus canariensis,NA,7.5
B53,1719,NA,Aves,Anseriformes,Anatidae,Branta leucopsis,1586,1586
B54,1411,NA,Aves,Anseriformes,Anatidae,Branta bernicla,1230,1230
B56,1363.46,NA,Aves,Anseriformes,Anatidae,Tadorna ferruginea,1100,1100
B57,1250,NA,Aves,Anseriformes,Anatidae,Tadorna tadorna,1043,1043
B58,691,NA,Aves,Anseriformes,Anatidae,Anas penelope,724,724
B59,753,NA,Aves,Anseriformes,Anatidae,Anas strepera,849,849
B6,975,NA,Aves,Podicipediformes,Podicipedidae,Podiceps cristatus,830,830
B60,325,NA,Aves,Anseriformes,Anatidae,Anas crecca,308,308
B61,1125,NA,Aves,Anseriformes,Anatidae,Anas platyrhynchos,1113,1113
B62,818,NA,Aves,Anseriformes,Anatidae,Anas acuta,866,866
B63,370,NA,Aves,Anseriformes,Anatidae,Anas querquedula,310,310
B64,707.4,NA,Aves,Anseriformes,Anatidae,Anas clypeata,590,590
B65,502,NA,Aves,Anseriformes,Anatidae,Marmaronetta angustirostris,492,492
B66,1150,NA,Aves,Anseriformes,Anatidae,Netta rufina,1100,1100
B67,900,NA,Aves,Anseriformes,Anatidae,Aythya ferina,807,807
B68,553.3,NA,Aves,Anseriformes,Anatidae,Aythya nyroca,520,520
B69,725,NA,Aves,Anseriformes,Anatidae,Aythya fuligula,680,680
B7,476,NA,Aves,Podicipediformes,Podicipedidae,Podiceps grisegena,785.4,785.4
B70,1055.3,NA,Aves,Anseriformes,Anatidae,Aythya marila,975,975
B71,1966.67,NA,Aves,Anseriformes,Anatidae,Somateria mollissima,1915,1915
B72,1626,NA,Aves,Anseriformes,Anatidae,Somateria spectabilis,1567,1567
B73,850,NA,Aves,Anseriformes,Anatidae,Polysticta stelleri,842,842
B74,604,NA,Aves,Anseriformes,Anatidae,Histrionicus histrionicus,553,553
B75,741.7778,NA,Aves,Anseriformes,Anatidae,Clangula hyemalis,636,636
B76,1209,NA,Aves,Anseriformes,Anatidae,Melanitta nigra,800,800
B77,1675,NA,Aves,Anseriformes,Anatidae,Melanitta fusca,1730,1730
B78,850,NA,Aves,Anseriformes,Anatidae,Bucephala clangula,800,800
B79,1090,NA,Aves,Anseriformes,Anatidae,Bucephala islandica,730,730
B8,394,NA,Aves,Podicipediformes,Podicipedidae,Podiceps auritus,NA,394
B80,636.83,NA,Aves,Anseriformes,Anatidae,Mergellus albellus,568,568
B81,1034.97,NA,Aves,Anseriformes,Anatidae,Mergus serrator,908,908
B82,1602.71,NA,Aves,Anseriformes,Anatidae,Mergus merganser,1232,1232
B84,751.88,NA,Aves,Anseriformes,Anatidae,Oxyura leucocephala,593,593
B85,1600,NA,Aves,Falconiformes,Accipitridae,Pandion haliaetus,1627,1627
B86,800,NA,Aves,Falconiformes,Accipitridae,Pernis apivorus,791,791
B87,232.5,NA,Aves,Falconiformes,Accipitridae,Elanus caeruleus,258.5,258.5
B88,1025,NA,Aves,Falconiformes,Accipitridae,Milvus milvus,1231.8,1231.8
B89,800,NA,Aves,Falconiformes,Accipitridae,Milvus migrans,850,850
B9,300,NA,Aves,Podicipediformes,Podicipedidae,Podiceps nigricollis,255.5,255.5
B90,4793,NA,Aves,Falconiformes,Accipitridae,Haliaeetus albicilla,5572,5572
B91,6000,NA,Aves,Falconiformes,Accipitridae,Gypaetus barbatus,6175,6175
B92,1900,NA,Aves,Falconiformes,Accipitridae,Neophron percnopterus,2026,2026
B93,9250,NA,Aves,Falconiformes,Accipitridae,Gyps fulvus,8525,8525
B94,10000,NA,Aves,Falconiformes,Accipitridae,Aegypius monachus,10000,10000
B95,1750,NA,Aves,Falconiformes,Accipitridae,Circaetus gallicus,1735,1735
B96,600,NA,Aves,Falconiformes,Accipitridae,Circus aeruginosus,669,669
B97,550,NA,Aves,Falconiformes,Accipitridae,Circus cyaneus,527,527
B98,375.125,NA,Aves,Falconiformes,Accipitridae,Circus macrourus,445,445
B99,337.5,NA,Aves,Falconiformes,Accipitridae,Circus pygargus,345,345
NA,795,NA,NA,NA,NA,NA,NA,795
NA,1000,NA,NA,NA,NA,NA,NA,1000
M1,90,NA,Mammalia,Rodentia,Muridae,Acomys cilicicus,42.5,42.5
M2,86,NA,Mammalia,Rodentia,Muridae,Acomys minous,62.5,62.5
M3,63,NA,Mammalia,Rodentia,Muridae,Acomys nesiotes,52.5,52.5
M4,8.00E+05,NA,Mammalia,Cetartiodactyla,Cervidae,Alces alces,356998,356998
M5,62,NA,Mammalia,Rodentia,Dipodidae,Allactaga elater,59,59
M6,92,NA,Mammalia,Rodentia,Dipodidae,Allactaga euphratica,70,70
M7,400,NA,Mammalia,Rodentia,Dipodidae,Allactaga major,350,350
M8,97.5,NA,Mammalia,Rodentia,Dipodidae,Allactaga sibirica,97.5,97.5
M9,137,NA,Mammalia,Rodentia,Dipodidae,Allactaga williamsi,100,100
M10,60,NA,Mammalia,Rodentia,Cricetidae,Allocricetulus eversmanni,115.6,115.6
M11,6000,NA,Mammalia,Carnivora,Canidae,Alopex lagopus,NA,6000
M12,29.8,NA,Mammalia,Rodentia,Muridae,Apodemus agrarius,23.3,23.3
M13,42,NA,Mammalia,Rodentia,Muridae,Apodemus alpicola,28.1,28.1
M14,56,NA,Mammalia,Rodentia,Muridae,Apodemus epimelas,42,42
M15,50,NA,Mammalia,Rodentia,Muridae,Apodemus flavicollis,39,39
M16,27,NA,Mammalia,Rodentia,Muridae,Apodemus hyrcanicus,28.5,28.5
M17,57,NA,Mammalia,Rodentia,Muridae,Apodemus mystacinus,45.6,45.6
M18,25.76,NA,Mammalia,Rodentia,Muridae,Apodemus ponticus,33.8,33.8
M19,47,NA,Mammalia,Rodentia,Muridae,Apodemus sylvaticus,30.5,30.5
M20,28,NA,Mammalia,Rodentia,Muridae,Apodemus uralensis,17.1,17.1
M21,37,NA,Mammalia,Rodentia,Muridae,Apodemus witherbyi,30,30
M22,250,NA,Mammalia,Rodentia,Cricetidae,Arvicola amphibius,225,225
M23,275,NA,Mammalia,Rodentia,Cricetidae,Arvicola sapidus,220,220
M24,53,NA,Mammalia,Rodentia,Cricetidae,Arvicola scherman,97.5,97.5
M25,657,NA,Mammalia,Eulipotyphla,Erinaceidae,Atelerix algirus,1250,1250
M26,14.2,NA,Mammalia,Chiroptera,Vespertilionidae,Barbastella barbastellus,8,8
M27,10,NA,Mammalia,Chiroptera,Vespertilionidae,Barbastella leucomelas,15.1,15.1
M28,1.00E+06,NA,Mammalia,Cetartiodactyla,Bovidae,Bison bonasus,5.00E+05,5.00E+05
M29,21.22,NA,Mammalia,Rodentia,Calomyscidae,Calomyscus urartensis,16.5,16.5
M30,9800,NA,Mammalia,Carnivora,Canidae,Canis aureus,10345.2,10345.2
M31,62000,NA,Mammalia,Carnivora,Canidae,Canis lupus,32183.3,32183.3
M32,NA,NA,Mammalia,Cetartiodactyla,Bovidae,Capra aegagrus,33500,33500
M33,155000,NA,Mammalia,Cetartiodactyla,Bovidae,Capra caucasica,55000,55000
M34,155000,NA,Mammalia,Cetartiodactyla,Bovidae,Capra cylindricornis,50000,50000
M36,120000,NA,Mammalia,Cetartiodactyla,Bovidae,Capra ibex,85166.5,85166.5
M37,90000,NA,Mammalia,Cetartiodactyla,Bovidae,Capra pyrenaica,50000,50000
M38,30000,NA,Mammalia,Cetartiodactyla,Cervidae,Capreolus capreolus,22500,22500
M39,47000,NA,Mammalia,Cetartiodactyla,Cervidae,Capreolus pygargus,43752.2,43752.2
M40,38000,NA,Mammalia,Rodentia,Castoridae,Castor fiber,19000,19000
M41,255000,NA,Mammalia,Cetartiodactyla,Cervidae,Cervus elaphus,131250,131250
M42,63,NA,Mammalia,Rodentia,Cricetidae,Chionomys gud,93.5,93.5
M43,62,NA,Mammalia,Rodentia,Cricetidae,Chionomys nivalis,54,54
M44,78,NA,Mammalia,Rodentia,Cricetidae,Chionomys roberti,93.5,93.5
M45,41,NA,Mammalia,Rodentia,Cricetidae,Cricetulus migratorius,38.5,38.5
M46,908,NA,Mammalia,Rodentia,Cricetidae,Cricetus cricetus,510,510
M47,NA,NA,Mammalia,Eulipotyphla,Soricidae,Crocidura arispa,9,9
M48,NA,NA,Mammalia,Eulipotyphla,Soricidae,Crocidura armenica,8,8
M49,9.5,NA,Mammalia,Eulipotyphla,Soricidae,Crocidura canariensis,7.5,7.5
M50,NA,NA,Mammalia,Eulipotyphla,Soricidae,Crocidura caspica,10.3,10.3
M52,15,NA,Mammalia,Eulipotyphla,Soricidae,Crocidura leucodon,9.8,9.8
M53,14,NA,Mammalia,Eulipotyphla,Soricidae,Crocidura pachyura,14.4,14.4
M54,14,NA,Mammalia,Eulipotyphla,Soricidae,Crocidura russula,11.5,11.5
M55,NA,NA,Mammalia,Eulipotyphla,Soricidae,Crocidura serezkyensis,10.1,10.1
M56,9.5,NA,Mammalia,Eulipotyphla,Soricidae,Crocidura sicula,6.9,6.9
M57,8.5,NA,Mammalia,Eulipotyphla,Soricidae,Crocidura suaveolens,5.2,5.2
M58,NA,NA,Mammalia,Eulipotyphla,Soricidae,Crocidura zimmermanni,7.5,7.5
M59,80000,NA,Mammalia,Cetartiodactyla,Cervidae,Dama dama,56250,56250
M60,520,NA,Mammalia,Eulipotyphla,Talpidae,Desmana moschata,383,383
M61,120,NA,Mammalia,Rodentia,Cricetidae,Dicrostonyx torquatus,85,85
M62,82,NA,Mammalia,Rodentia,Cricetidae,Dinaromys bogdanovi,56,56
M63,13,NA,Mammalia,Eulipotyphla,Soricidae,Diplomesodon pulchellum,11,11
M64,110,NA,Mammalia,Rodentia,Dipodidae,Dipus sagitta,85.7,85.7
M65,32,NA,Mammalia,Rodentia,Gliridae,Dryomys laniger,22.2,22.2
M66,34,NA,Mammalia,Rodentia,Gliridae,Dryomys nitedula,28.9,28.9
M67,120,NA,Mammalia,Rodentia,Gliridae,Eliomys melanurus,51.8,51.8
M68,190,NA,Mammalia,Rodentia,Gliridae,Eliomys quercinus,115,115
M69,140,NA,Mammalia,Rodentia,Cricetidae,Ellobius lutescens,117.3,117.3
M70,140,NA,Mammalia,Rodentia,Cricetidae,Ellobius talpinus,40,40
M71,NA,NA,Mammalia,Chiroptera,Vespertilionidae,Eptesicus bobrinskoi,7.6,7.6
M72,23,NA,Mammalia,Chiroptera,Vespertilionidae,Eptesicus bottae,14.2,14.2
M73,18,NA,Mammalia,Chiroptera,Vespertilionidae,Eptesicus nilssonii,10.4,10.4
M74,35,NA,Mammalia,Chiroptera,Vespertilionidae,Eptesicus serotinus,22.9,22.9
M75,1200,NA,Mammalia,Eulipotyphla,Erinaceidae,Erinaceus concolor,719,719
M76,1200,NA,Mammalia,Eulipotyphla,Erinaceidae,Erinaceus europaeus,771,771
M77,1200,NA,Mammalia,Eulipotyphla,Erinaceidae,Erinaceus roumanicus,745,745
M78,12000,NA,Mammalia,Carnivora,Felidae,Felis chaus,7393,7393
M79,3400,NA,Mammalia,Carnivora,Felidae,Felis margarita,2525,2525
M80,8000,NA,Mammalia,Carnivora,Felidae,Felis silvestris,5500,5500
M81,80,NA,Mammalia,Eulipotyphla,Talpidae,Galemys pyrenaicus,60.2,60.2
M82,40000,NA,Mammalia,Cetartiodactyla,Bovidae,Gazella subgutturosa,28500,28500
M83,2600,NA,Mammalia,Carnivora,Viverridae,Genetta genetta,1800,1800
M84,27,NA,Mammalia,Rodentia,Muridae,Gerbillus dasyurus,23.5,23.5
M85,243,NA,Mammalia,Rodentia,Gliridae,Glis glis,125,125
M86,18000,NA,Mammalia,Carnivora,Mustelidae,Gulo gulo,17012.6,17012.6
M87,500,NA,Mammalia,Eulipotyphla,Erinaceidae,Hemiechinus auritus,342,342
M88,4100,NA,Mammalia,Carnivora,Herpestidae,Herpestes ichneumon,5175,5175
M89,41000,NA,Mammalia,Carnivora,Hyaenidae,Hyaena hyaena,41705.1,41705.1
M91,13500,NA,Mammalia,Rodentia,Hystricidae,Hystrix cristata,16250,16250
M92,14500,NA,Mammalia,Rodentia,Hystricidae,Hystrix indica,12435.8,12435.8
M93,30,NA,Mammalia,Rodentia,Cricetidae,Lagurus lagurus,20.3,20.3
M94,130,NA,Mammalia,Rodentia,Cricetidae,Lemmus lemmus,47.5,47.5
M95,115,NA,Mammalia,Rodentia,Cricetidae,Lemmus sibiricus,52.3,52.3
M96,2500,NA,Mammalia,Lagomorpha,Leporidae,Lepus capensis,3261.7,3261.7
M97,3450,NA,Mammalia,Lagomorpha,Leporidae,Lepus castroviejoi,2750,2750
M98,3800,NA,Mammalia,Lagomorpha,Leporidae,Lepus corsicanus,3000,3000
M99,6500,NA,Mammalia,Lagomorpha,Leporidae,Lepus europaeus,3740,3740
M100,3382,NA,Mammalia,Lagomorpha,Leporidae,Lepus granatensis,4010,4010
M101,4700,NA,Mammalia,Lagomorpha,Leporidae,Lepus timidus,3048,3048
M102,2500,NA,Mammalia,Lagomorpha,Leporidae,Lepus tolai,1589,1589
M103,14000,NA,Mammalia,Carnivora,Mustelidae,Lutra lutra,8785.1,8785.1
M104,29000,NA,Mammalia,Carnivora,Felidae,Lynx lynx,17950,17950
M105,14000,NA,Mammalia,Carnivora,Felidae,Lynx pardinus,9400,9400
M107,6000,NA,Mammalia,Rodentia,Sciuridae,Marmota baibacina,7500,7500
M108,7300,NA,Mammalia,Rodentia,Sciuridae,Marmota bobak,5500,5500
M109,8000,NA,Mammalia,Rodentia,Sciuridae,Marmota marmota,2010,2010
M110,2300,NA,Mammalia,Carnivora,Mustelidae,Martes foina,1540.8,1540.8
M111,1800,NA,Mammalia,Carnivora,Mustelidae,Martes martes,1300,1300
M112,1800,NA,Mammalia,Carnivora,Mustelidae,Martes zibellina,1130,1130
M113,9000,NA,Mammalia,Carnivora,Mustelidae,Meles leucurus,6250,6250
M114,16000,NA,Mammalia,Carnivora,Mustelidae,Meles meles,13000,13000
M115,60,NA,Mammalia,Rodentia,Muridae,Meriones crassus,80,80
M116,80,NA,Mammalia,Rodentia,Muridae,Meriones dahli,34.1,34.1
M117,90,NA,Mammalia,Rodentia,Muridae,Meriones libycus,91.3,91.3
M118,80,NA,Mammalia,Rodentia,Muridae,Meriones meridianus,41,41
M119,172,NA,Mammalia,Rodentia,Muridae,Meriones persicus,100,100
M120,140,NA,Mammalia,Rodentia,Muridae,Meriones tamariscinus,120,120
M121,130,NA,Mammalia,Rodentia,Muridae,Meriones tristrami,105,105
M122,159,NA,Mammalia,Rodentia,Muridae,Meriones vinogradovi,150,150
M123,125,NA,Mammalia,Rodentia,Cricetidae,Mesocricetus auratus,105,105
M124,258,NA,Mammalia,Rodentia,Cricetidae,Mesocricetus brandti,198,198
M125,115,NA,Mammalia,Rodentia,Cricetidae,Mesocricetus newtoni,97.5,97.5
M126,280,NA,Mammalia,Rodentia,Cricetidae,Mesocricetus raddei,260,260
M127,13,NA,Mammalia,Rodentia,Muridae,Micromys minutus,6,6
M128,50,NA,Mammalia,Rodentia,Cricetidae,Microtus agrestis,42.5,42.5
M129,NA,NA,Mammalia,Rodentia,Cricetidae,Microtus anatolicus,52.5,52.5
M130,42.25,NA,Mammalia,Rodentia,Cricetidae,Microtus arvalis,28,28
M131,NA,NA,Mammalia,Rodentia,Cricetidae,Microtus bavaricus,24,24
M132,26,NA,Mammalia,Rodentia,Cricetidae,Microtus brachycercus,22.8,22.8
M133,68,NA,Mammalia,Rodentia,Cricetidae,Microtus cabrerae,52.5,52.5
M134,25,NA,Mammalia,Rodentia,Cricetidae,Microtus daghestanicus,20,20
M135,NA,NA,Mammalia,Rodentia,Cricetidae,Microtus dogramacii,28,28
M136,32,NA,Mammalia,Rodentia,Cricetidae,Microtus duodecimcostatus,23,23
M137,NA,NA,Mammalia,Rodentia,Cricetidae,Microtus felteni,21,21
M138,24,NA,Mammalia,Rodentia,Cricetidae,Microtus gerbei,20.5,20.5
M139,25,NA,Mammalia,Rodentia,Cricetidae,Microtus gregalis,47.5,47.5
M140,67,NA,Mammalia,Rodentia,Cricetidae,Microtus guentheri,54,54
M141,54.3,NA,Mammalia,Rodentia,Cricetidae,Microtus levis,37.1,37.1
M142,33.7,NA,Mammalia,Rodentia,Cricetidae,Microtus liechtesteini,NA,33.7
M143,19,NA,Mammalia,Rodentia,Cricetidae,Microtus lusitanicus,17,17
M144,29,NA,Mammalia,Rodentia,Cricetidae,Microtus majori,24.5,24.5
M145,36.49,NA,Mammalia,Rodentia,Cricetidae,Microtus middendorffii,56.6,56.6
M146,NA,NA,Mammalia,Rodentia,Cricetidae,Microtus multiplex,23.2,23.2
M147,NA,NA,Mammalia,Rodentia,Cricetidae,Microtus nasarovi,38.6,38.6
M148,62,NA,Mammalia,Rodentia,Cricetidae,Microtus oeconomus,34.4,34.4
M149,26,NA,Mammalia,Rodentia,Cricetidae,Microtus savii,20,20
M150,NA,NA,Mammalia,Rodentia,Cricetidae,Microtus schidlovskii,46.7,46.7
M151,38,NA,Mammalia,Rodentia,Cricetidae,Microtus socialis,48,48
M152,26,NA,Mammalia,Rodentia,Cricetidae,Microtus subterraneus,19.5,19.5
M153,36,NA,Mammalia,Rodentia,Cricetidae,Microtus tatricus,40,40
M154,NA,NA,Mammalia,Rodentia,Cricetidae,Microtus thomasi,26.5,26.5
M155,20.8,NA,Mammalia,Chiroptera,Vespertilionidae,Miniopterus fuliginosus,NA,20.8
M156,20.8,NA,Mammalia,Chiroptera,Vespertilionidae,Miniopterus schreibersii,11.1,11.1
M157,NA,NA,Mammalia,Rodentia,Muridae,Mus cypriacus,50.6,50.6
M158,22,NA,Mammalia,Rodentia,Muridae,Mus macedonicus,15,15
M159,22,NA,Mammalia,Rodentia,Muridae,Mus musculus,16.1,16.1
M160,14.9,NA,Mammalia,Rodentia,Muridae,Mus spicilegus,14,14
M161,19,NA,Mammalia,Rodentia,Muridae,Mus spretus,12.8,12.8
M162,40,NA,Mammalia,Rodentia,Gliridae,Muscardinus avellanarius,27.5,27.5
M163,445,NA,Mammalia,Carnivora,Mustelidae,Mustela erminea,119.4,119.4
M164,2050,NA,Mammalia,Carnivora,Mustelidae,Mustela eversmanii,1350,1350
M165,1005,NA,Mammalia,Carnivora,Mustelidae,Mustela lutreola,440,440
M166,250,NA,Mammalia,Carnivora,Mustelidae,Mustela nivalis,137.5,137.5
M167,1710,NA,Mammalia,Carnivora,Mustelidae,Mustela putorius,915.4,915.4
M168,820,NA,Mammalia,Carnivora,Mustelidae,Mustela sibirica,405,405
M169,40,NA,Mammalia,Rodentia,Cricetidae,Myodes glareolus,21.2,21.2
M170,50,NA,Mammalia,Rodentia,Cricetidae,Myodes rufocanus,37,37
M171,40,NA,Mammalia,Rodentia,Cricetidae,Myodes rutilus,28.2,28.2
M172,56,NA,Mammalia,Rodentia,Gliridae,Myomimus roachi,45.5,45.5
M173,56,NA,Mammalia,Rodentia,Gliridae,Myomimus setzeri,9.5,9.5
M174,45,NA,Mammalia,Rodentia,Cricetidae,Myopus schisticolor,25,25
M175,8,NA,Mammalia,Chiroptera,Vespertilionidae,Myotis alcathoe,5,5
M176,8,NA,Mammalia,Chiroptera,Vespertilionidae,Myotis aurascens,7.5,7.5
M177,13.6,NA,Mammalia,Chiroptera,Vespertilionidae,Myotis bechsteinii,8.5,8.5
M178,29.5,NA,Mammalia,Chiroptera,Vespertilionidae,Myotis blythii,22.5,22.5
M179,9.5,NA,Mammalia,Chiroptera,Vespertilionidae,Myotis brandtii,5.3,5.3
M180,15,NA,Mammalia,Chiroptera,Vespertilionidae,Myotis capaccinii,7.4,7.4
M181,20,NA,Mammalia,Chiroptera,Vespertilionidae,Myotis dasycneme,14.1,14.1
M182,15,NA,Mammalia,Chiroptera,Vespertilionidae,Myotis daubentonii,7.4,7.4
M183,13.6,NA,Mammalia,Chiroptera,Vespertilionidae,Myotis emarginatus,7.7,7.7
M184,NA,NA,Mammalia,Chiroptera,Vespertilionidae,Myotis hajastanicus,6.8,6.8
M185,35,NA,Mammalia,Chiroptera,Vespertilionidae,Myotis myotis,34,34
M186,8,NA,Mammalia,Chiroptera,Vespertilionidae,Myotis mystacinus,6,6
M187,14,NA,Mammalia,Chiroptera,Vespertilionidae,Myotis nattereri,7.1,7.1
M188,15,NA,Mammalia,Chiroptera,Vespertilionidae,Myotis nipalensis,6.3,6.3
M189,30,NA,Mammalia,Chiroptera,Vespertilionidae,Myotis punicus,23.5,23.5
M190,NA,NA,Mammalia,Chiroptera,Vespertilionidae,Myotis schaubi,8,8
M191,16,NA,Mammalia,Eulipotyphla,Soricidae,Neomys anomalus,16,16
M192,24,NA,Mammalia,Eulipotyphla,Soricidae,Neomys fodiens,14.3,14.3
M193,28,NA,Mammalia,Eulipotyphla,Soricidae,Neomys teres,12.9,12.9
M195,15,NA,Mammalia,Chiroptera,Vespertilionidae,Nyctalus azoreum,7.1,7.1
M196,76,NA,Mammalia,Chiroptera,Vespertilionidae,Nyctalus lasiopterus,49.7,49.7
M197,23.2,NA,Mammalia,Chiroptera,Vespertilionidae,Nyctalus leisleri,13.3,13.3
M198,46,NA,Mammalia,Chiroptera,Vespertilionidae,Nyctalus noctula,28,28
M199,260,NA,Mammalia,Lagomorpha,Ochotonidae,Ochotona hyperborea,156,156
M200,250,NA,Mammalia,Lagomorpha,Ochotonidae,Ochotona pusilla,142.5,142.5
M201,2500,NA,Mammalia,Lagomorpha,Leporidae,Oryctolagus cuniculus,1958.3,1958.3
M202,4500,NA,Mammalia,Carnivora,Felidae,Otocolobus manul,3500,3500
M203,40000,NA,Mammalia,Cetartiodactyla,Bovidae,Ovis aries,NA,40000
M204,NA,NA,Mammalia,Cetartiodactyla,Bovidae,Ovis orientalis,60000,60000
M205,71000,NA,Mammalia,Carnivora,Felidae,Panthera pardus,54999.7,54999.7
M206,10,NA,Mammalia,Chiroptera,Vespertilionidae,Pipistrellus kuhlii,5.9,5.9
M207,5.7,NA,Mammalia,Chiroptera,Vespertilionidae,Pipistrellus maderensis,7,7
M208,15.5,NA,Mammalia,Chiroptera,Vespertilionidae,Pipistrellus nathusii,7.3,7.3
M209,9.2,NA,Mammalia,Chiroptera,Vespertilionidae,Pipistrellus pipistrellus,5.7,5.7
M210,7.5,NA,Mammalia,Chiroptera,Vespertilionidae,Pipistrellus pygmaeus,5.7,5.7
M90,10,NA,Mammalia,Chiroptera,Vespertilionidae,Pipistrellus savii,NA,10
M211,14,NA,Mammalia,Chiroptera,Vespertilionidae,Plecotus auritus,7.8,7.8
M212,14,NA,Mammalia,Chiroptera,Vespertilionidae,Plecotus austriacus,7.3,7.3
M213,10,NA,Mammalia,Chiroptera,Vespertilionidae,Plecotus kolombatovici,7,7
M214,14,NA,Mammalia,Chiroptera,Vespertilionidae,Plecotus macrobullaris,8.5,8.5
M215,14,NA,Mammalia,Chiroptera,Vespertilionidae,Plecotus sardus,9.8,9.8
M216,9.1,NA,Mammalia,Chiroptera,Vespertilionidae,Plecotus teneriffae,8,8
M217,87.8,NA,Mammalia,Rodentia,Cricetidae,Prometheomys schaposchnikowi,75,75
M218,200,NA,Mammalia,Rodentia,Sciuridae,Pteromys volans,143.8,143.8
M219,40.14,NA,Mammalia,Rodentia,Dipodidae,Pygeretmus platyurus,26.4,26.4
M220,52,NA,Mammalia,Rodentia,Dipodidae,Pygeretmus pumilio,52,52
M221,240000,NA,Mammalia,Cetartiodactyla,Cervidae,Rangifer tarandus,86034,86034
M224,15,NA,Mammalia,Chiroptera,Rhinolophidae,Rhinolophus blasii,9.7,9.7
M225,16,NA,Mammalia,Chiroptera,Rhinolophidae,Rhinolophus euryale,8.2,8.2
M226,34,NA,Mammalia,Chiroptera,Rhinolophidae,Rhinolophus ferrumequinum,21.1,21.1
M227,8,NA,Mammalia,Chiroptera,Rhinolophidae,Rhinolophus hipposideros,4.7,4.7
M228,18,NA,Mammalia,Chiroptera,Rhinolophidae,Rhinolophus mehelyi,12.3,12.3
M229,285,NA,Mammalia,Rodentia,Muridae,Rhombomys opimus,144,144
M230,170.6,NA,Mammalia,Chiroptera,Pteropodidae,Rousettus aegyptiacus,132.2,132.2
M231,40000,NA,Mammalia,Cetartiodactyla,Bovidae,Rupicapra pyrenaica,30000,30000
M232,62000,NA,Mammalia,Cetartiodactyla,Bovidae,Rupicapra rupicapra,26100,26100
M233,51000,NA,Mammalia,Cetartiodactyla,Bovidae,Saiga tatarica,29000,29000
M234,430,NA,Mammalia,Rodentia,Sciuridae,Sciurus anomalus,256,256
M235,350,NA,Mammalia,Rodentia,Sciuridae,Sciurus vulgaris,333,333
M236,10,NA,Mammalia,Rodentia,Dipodidae,Sicista armenica,6.5,6.5
M237,13,NA,Mammalia,Rodentia,Dipodidae,Sicista betulina,8,8
M238,8.8,NA,Mammalia,Rodentia,Dipodidae,Sicista caucasica,10,10
M239,8,NA,Mammalia,Rodentia,Dipodidae,Sicista kazbegica,7,7
M240,8.8,NA,Mammalia,Rodentia,Dipodidae,Sicista kluchorica,7.5,7.5
M241,9,NA,Mammalia,Rodentia,Dipodidae,Sicista severtzovi,11.2,11.2
M242,10,NA,Mammalia,Rodentia,Dipodidae,Sicista strandi,10.3,10.3
M243,14,NA,Mammalia,Rodentia,Dipodidae,Sicista subtilis,11.8,11.8
M244,11.8,NA,Mammalia,Eulipotyphla,Soricidae,Sorex alpinus,7.8,7.8
M245,15,NA,Mammalia,Eulipotyphla,Soricidae,Sorex antinorii,11.5,11.5
M246,15,NA,Mammalia,Eulipotyphla,Soricidae,Sorex araneus,10,10
M248,8,NA,Mammalia,Eulipotyphla,Soricidae,Sorex caecutiens,5.4,5.4
M249,13.5,NA,Mammalia,Eulipotyphla,Soricidae,Sorex coronatus,9.6,9.6
M250,8,NA,Mammalia,Eulipotyphla,Soricidae,Sorex granarius,6.3,6.3
M251,15,NA,Mammalia,Eulipotyphla,Soricidae,Sorex isodon,9.4,9.4
M252,4,NA,Mammalia,Eulipotyphla,Soricidae,Sorex minutissimus,2.5,2.5
M253,6.1,NA,Mammalia,Eulipotyphla,Soricidae,Sorex minutus,4.5,4.5
M254,14.8,NA,Mammalia,Eulipotyphla,Soricidae,Sorex raddei,10,10
M255,7,NA,Mammalia,Eulipotyphla,Soricidae,Sorex samniticus,8.3,8.3
M256,8,NA,Mammalia,Eulipotyphla,Soricidae,Sorex satunini,7.5,7.5
M257,10,NA,Mammalia,Eulipotyphla,Soricidae,Sorex tundrensis,7.7,7.7
M258,7,NA,Mammalia,Eulipotyphla,Soricidae,Sorex volnuchini,5.5,5.5
M259,250,NA,Mammalia,Rodentia,Spalacidae,Spalax arenarius,520,520
M260,252,NA,Mammalia,Rodentia,Spalacidae,Spalax ehrenbergi,176,176
M261,603,NA,Mammalia,Rodentia,Spalacidae,Spalax giganteus,603,603
M262,450,NA,Mammalia,Rodentia,Spalacidae,Spalax graecus,325,325
M263,338,NA,Mammalia,Rodentia,Spalacidae,Spalax leucodon,178,178
M264,570,NA,Mammalia,Rodentia,Spalacidae,Spalax microphthalmus,470,470
M265,350,NA,Mammalia,Rodentia,Spalacidae,Spalax nehringi,176,176
M266,570,NA,Mammalia,Rodentia,Spalacidae,Spalax uralensis,360.9,360.9
M267,550,NA,Mammalia,Rodentia,Spalacidae,Spalax zemni,287.5,287.5
M268,350,NA,Mammalia,Rodentia,Sciuridae,Spermophilus citellus,290,290
M269,900,NA,Mammalia,Rodentia,Sciuridae,Spermophilus fulvus,596,596
M270,500,NA,Mammalia,Rodentia,Sciuridae,Spermophilus major,786,786
M271,460,NA,Mammalia,Rodentia,Sciuridae,Spermophilus musicus,316.9,316.9
M272,460,NA,Mammalia,Rodentia,Sciuridae,Spermophilus pygmaeus,136,136
M273,500,NA,Mammalia,Rodentia,Sciuridae,Spermophilus suslicus,252,252
M274,490,NA,Mammalia,Rodentia,Sciuridae,Spermophilus taurensis,200.7,200.7
M275,490,NA,Mammalia,Rodentia,Sciuridae,Spermophilus xanthoprymnus,289.7,289.7
M276,55,NA,Mammalia,Rodentia,Dipodidae,Stylodipus telum,80,80
M277,2.7,NA,Mammalia,Eulipotyphla,Soricidae,Suncus etruscus,2.1,2.1
M278,150000,NA,Mammalia,Cetartiodactyla,Suidae,Sus scrofa,101052.1,101052.1
M279,55,NA,Mammalia,Chiroptera,Molossidae,Tadarida teniotis,27,27
M280,120,NA,Mammalia,Eulipotyphla,Talpidae,Talpa caeca,92.5,92.5
M281,91,NA,Mammalia,Eulipotyphla,Talpidae,Talpa caucasica,90,90
M282,120,NA,Mammalia,Eulipotyphla,Talpidae,Talpa davidiana,70.5,70.5
M283,130,NA,Mammalia,Eulipotyphla,Talpidae,Talpa europaea,77,77
M284,53,NA,Mammalia,Eulipotyphla,Talpidae,Talpa levantis,90,90
M285,66,NA,Mammalia,Eulipotyphla,Talpidae,Talpa occidentalis,53.5,53.5
M286,134,NA,Mammalia,Eulipotyphla,Talpidae,Talpa romana,92.5,92.5
M287,71.12,NA,Mammalia,Eulipotyphla,Talpidae,Talpa stankovici,72,72
M288,150,NA,Mammalia,Rodentia,Sciuridae,Tamias sibiricus,NA,150
M289,270,NA,Mammalia,Rodentia,Muridae,Tatera indica,166.3,166.3
M290,315000,NA,Mammalia,Carnivora,Ursidae,Ursus arctos,180520.4,180520.4
M291,8.00E+05,NA,Mammalia,Carnivora,Ursidae,Ursus maritimus,388750.4,388750.4
M292,23,NA,Mammalia,Chiroptera,Vespertilionidae,Vespertilio murinus,18.7,18.7
M293,715,NA,Mammalia,Carnivora,Mustelidae,Vormela peregusna,450.4,450.4
M294,3200,NA,Mammalia,Carnivora,Canidae,Vulpes corsac,2400,2400
M295,14000,NA,Mammalia,Carnivora,Canidae,Vulpes vulpes,5318.2,5318.2
R1,NA,60,Reptilia,Squamata,Scincidae,Ablepharus bivittatus,4.363450333,4.363450333
R2,NA,48,Reptilia,Squamata,Scincidae,Ablepharus budaki,2.012463234,2.012463234
R3,NA,52,Reptilia,Squamata,Scincidae,Ablepharus chernovi,2.943740006,2.943740006
R4,NA,52,Reptilia,Squamata,Scincidae,Ablepharus kitaibelii,3.707737599,3.707737599
R5,NA,NA,Reptilia,Squamata,Scincidae,Ablepharus pannonicus,3.123425301,3.123425301
R229,NA,79,Reptilia,Squamata,Lacertidae,Acanthodactylus boskianus,19.64546709,19.64546709
R6,NA,80,Reptilia,Squamata,Lacertidae,Acanthodactylus erythrurus,13.66306621,13.66306621
R238,NA,95,Reptilia,Squamata,Scincidae,Acanthodactylus grandis,24.93920758,24.93920758
R237,NA,NA,Reptilia,Squamata,Scincidae,Acanthodactylus harranensis,19.52366751,19.52366751
R7,NA,93,Reptilia,Squamata,Lacertidae,Acanthodactylus schreiberi,18.4498645,18.4498645
R8,NA,44,Reptilia,Squamata,Lacertidae,Algyroides fitzingeri,2.16585874,2.16585874
R9,NA,53,Reptilia,Squamata,Lacertidae,Algyroides marchi,3.510250347,3.510250347
R10,NA,50,Reptilia,Squamata,Lacertidae,Algyroides moreoticus,2.955700894,2.955700894
R11,NA,68,Reptilia,Squamata,Lacertidae,Algyroides nigropunctatus,7.977821519,7.977821519
R12,NA,43,Reptilia,Squamata,Gekkonidae,Alsophylax pipiens,1.692638921,1.692638921
R116,NA,75,Reptilia,Squamata,Lacertidae,Anatololacerta anatolica,9.779255388,9.779255388
R120,NA,230,Reptilia,Squamata,Lacertidae,Anatololacerta danfordi,9.779255388,9.779255388
R127,NA,65,Reptilia,Squamata,Lacertidae,Anatololacerta oertzeni,NA,NA
R13,NA,300,Reptilia,Squamata,Anguidae,Anguis cephallonica,75.85960343,75.85960343
R14,NA,290,Reptilia,Squamata,Anguidae,Anguis fragilis,79.75878398,79.75878398
R118,NA,250,Reptilia,Squamata,Lacertidae,Apathya cappadocica,10.16906237,10.16906237
R15,NA,80,Reptilia,Squamata,Lacertidae,Archaeolacerta bedriagae,13.66306621,13.66306621
R16,NA,100,Reptilia,Squamata,Gekkonidae,Asaccus elisae,7.194984041,7.194984041
R17,NA,254,Reptilia,Squamata,Amphisbaenidae,Blanus cinereus,16.57393487,16.57393487
R18,NA,200,Reptilia,Squamata,Amphisbaenidae,Blanus strauchi,9.736580055,9.736580055
R19,NA,98,Reptilia,Squamata,Scincidae,Chalcides bedriagai,20.03568347,20.03568347
R20,NA,99,Reptilia,Squamata,Scincidae,Chalcides bistriatus,NA,NA
R21,NA,185,Reptilia,Squamata,Scincidae,Chalcides chalcides,34.16064774,34.16064774
R22,NA,160,Reptilia,Squamata,Scincidae,Chalcides ocellatus,79.7257613,79.7257613
R23,NA,99,Reptilia,Squamata,Scincidae,Chalcides sexlineatus,20.84039965,20.84039965
R24,NA,125,Reptilia,Squamata,Scincidae,Chalcides simonyi,NA,NA
R25,NA,210,Reptilia,Squamata,Scincidae,Chalcides striatus,34.16064774,34.16064774
R26,NA,91,Reptilia,Squamata,Scincidae,Chalcides viridanus,48.98850374,48.98850374
R220,NA,190,Reptilia,Squamata,Chamaeleonidae,Chamaeleo africanus,147.8292549,147.8292549
R27,NA,150,Reptilia,Squamata,Chamaeleonidae,Chamaeleo chamaeleon,95.63197149,95.63197149
R28,NA,1000,Reptilia,Squamata,Colubridae,Coronella austriaca,66.51896405,66.51896405
R29,NA,950,Reptilia,Squamata,Colubridae,Coronella girondica,66.51896405,66.51896405
R30,NA,75,Reptilia,Squamata,Gekkonidae,Cyrtopodion caspium,NA,NA
R31,NA,120,Reptilia,Squamata,Gekkonidae,Cyrtopodion heterocercum,NA,NA
R32,NA,56,Reptilia,Squamata,Gekkonidae,Cyrtopodion kotschyi,NA,NA
R33,NA,NA,Reptilia,Squamata,Gekkonidae,Cyrtopodion russowii,NA,NA
R34,NA,55,Reptilia,Squamata,Gekkonidae,Cyrtopodion scabrum,5.804688822,5.804688822
R128,NA,65,Reptilia,Squamata,Lacertidae,Dalmatolacerta oxycephala,8.191570022,8.191570022
R35,NA,NA,Reptilia,Squamata,Lacertidae,Darevskia alpina,7.32375489,7.32375489
R36,NA,180,Reptilia,Squamata,Lacertidae,Darevskia armeniaca,9.029542781,9.029542781
R37,NA,190,Reptilia,Squamata,Lacertidae,Darevskia bendimahiensis,5.983912894,5.983912894
R38,NA,NA,Reptilia,Squamata,Lacertidae,Darevskia brauneri,8.318851792,8.318851792
R39,NA,NA,Reptilia,Squamata,Lacertidae,Darevskia caucasica,7.01046367,7.01046367
R188,NA,NA,Reptilia,Squamata,Lacertidae,Darevskia chlorogaster,8.669383143,8.669383143
R40,NA,200,Reptilia,Squamata,Lacertidae,Darevskia clarkorum,7.646165024,7.646165024
R41,NA,NA,Reptilia,Squamata,Lacertidae,Darevskia daghestanica,4.58011106,4.58011106
R42,NA,64,Reptilia,Squamata,Lacertidae,Darevskia dahli,6.124027088,6.124027088
R43,NA,160,Reptilia,Squamata,Lacertidae,Darevskia derjugini,6.410727474,6.410727474
R44,NA,NA,Reptilia,Squamata,Lacertidae,Darevskia dryada,8.812284486,8.812284486
R45,NA,NA,Reptilia,Squamata,Lacertidae,Darevskia lindholmi,9.779255388,9.779255388
R46,NA,200,Reptilia,Squamata,Lacertidae,Darevskia mixta,5.845934715,5.845934715
R47,NA,64.5,Reptilia,Squamata,Lacertidae,Darevskia nairensis,NA,NA
R48,NA,180,Reptilia,Squamata,Lacertidae,Darevskia parvula,5.650966465,5.650966465
R49,NA,67,Reptilia,Squamata,Lacertidae,Darevskia portschinskii,7.01046367,7.01046367
R50,NA,130,Reptilia,Squamata,Lacertidae,Darevskia praticola,6.706163754,6.706163754
R51,NA,210,Reptilia,Squamata,Lacertidae,Darevskia raddei,10.16906237,10.16906237
R52,NA,60,Reptilia,Squamata,Lacertidae,Darevskia rostombekovi,NA,NA
R53,NA,260,Reptilia,Squamata,Lacertidae,Darevskia rudis,15.94847592,15.94847592
R54,NA,160,Reptilia,Squamata,Lacertidae,Darevskia sapphirina,4.350976113,4.350976113
R55,NA,NA,Reptilia,Squamata,Lacertidae,Darevskia saxicola,15.67358581,15.67358581
R56,NA,200,Reptilia,Squamata,Lacertidae,Darevskia unisexualis,9.029542781,9.029542781
R57,NA,180,Reptilia,Squamata,Lacertidae,Darevskia uzzelli,5.062025633,5.062025633
R58,NA,80,Reptilia,Squamata,Lacertidae,Darevskia valentini,11.83092093,11.83092093
R126,NA,64,Reptilia,Squamata,Lacertidae,Dinarolacerta montenegrina,6.06772407,6.06772407
R125,NA,73,Reptilia,Squamata,Lacertidae,Dinarolacerta mosorensis,11.83092093,11.83092093
R219,NA,1200,Reptilia,Squamata,Colubridae,Dolichophis caspius,1200.520781,1200.520781
R104,NA,1165,Reptilia,Squamata,Colubridae,Dolichophis cypriensis,NA,NA
R221,NA,3000,Reptilia,Squamata,Colubridae,Dolichophis jugularis,1200.520781,1200.520781
R225,NA,1600,Reptilia,Squamata,Colubridae,Dolichophis schmidti,386.5989196,386.5989196
R59,NA,NA,Reptilia,Squamata,Colubridae,Eirenis aurolineatus,18.18324967,18.18324967
R60,NA,NA,Reptilia,Squamata,Colubridae,Eirenis barani,19.35973445,19.35973445
R62,NA,330,Reptilia,Squamata,Colubridae,Eirenis coronella,5.991938414,5.991938414
R63,NA,750,Reptilia,Squamata,Colubridae,Eirenis decemlineatus,68.00673189,68.00673189
R64,NA,NA,Reptilia,Squamata,Colubridae,Eirenis eiselti,11.44538268,11.44538268
R65,NA,NA,Reptilia,Squamata,Colubridae,Eirenis hakkariensis,11.44538268,11.44538268
R66,NA,462,Reptilia,Squamata,Colubridae,Eirenis levantinus,16.50159698,16.50159698
R67,NA,316,Reptilia,Squamata,Colubridae,Eirenis lineomaculatus,6.290794566,6.290794566
R73,NA,NA,Reptilia,Squamata,Colubridae,Eirenis medus,5.991938414,5.991938414
R68,NA,600,Reptilia,Squamata,Colubridae,Eirenis modestus,32.04247285,32.04247285
R69,NA,500,Reptilia,Squamata,Colubridae,Eirenis punctatolineatus,32.04247285,32.04247285
R70,NA,381,Reptilia,Squamata,Colubridae,Eirenis rothii,8.154339049,8.154339049
R71,NA,NA,Reptilia,Squamata,Colubridae,Eirenis thospitis,24.52154083,24.52154083
R72,NA,1000,Reptilia,Squamata,Colubridae,Elaphe dione,117.2195366,117.2195366
R77,NA,1600,Reptilia,Squamata,Colubridae,Elaphe quatuorlineata,681.263559,681.263559
R226,NA,1400,Reptilia,Squamata,Colubridae,Elaphe sauromates,681.263559,681.263559
R80,NA,172,Reptilia,Testudines,Emydidae,Emys orbicularis,1599.188706,1599.188706
R198,NA,145,Reptilia,Testudines,Emydidae,Emys trinacris,548.5616844,548.5616844
R81,NA,85,Reptilia,Squamata,Lacertidae,Eremias arguta,22.85598803,22.85598803
R82,NA,NA,Reptilia,Squamata,Lacertidae,Eremias intermedia,7.646165024,7.646165024
R239,NA,98,Reptilia,Squamata,Lacertidae,Eremias persica,21.53317892,21.53317892
R83,NA,150,Reptilia,Squamata,Lacertidae,Eremias pleskei,5.062025633,5.062025633
R84,NA,NA,Reptilia,Squamata,Lacertidae,Eremias scripta,6.706163754,6.706163754
R85,NA,200,Reptilia,Squamata,Lacertidae,Eremias strauchi,11.83092093,11.83092093
R86,NA,200,Reptilia,Squamata,Lacertidae,Eremias suphani,5.845934715,5.845934715
R87,NA,NA,Reptilia,Squamata,Lacertidae,Eremias velox,19.04146225,19.04146225
R88,NA,840,Reptilia,Squamata,Boidae,Eryx jaculus,254.2289496,254.2289496
R89,NA,NA,Reptilia,Squamata,Boidae,Eryx miliaris,367.301089,367.301089
R235,NA,151,Reptilia,Squamata,Gekkonidae,Eublepharis angramainyu,114.9485293,114.9485293
R90,NA,48,Reptilia,Squamata,Gekkonidae,Euleptes europaea,2.099236713,2.099236713
R91,NA,165,Reptilia,Squamata,Scincidae,Eumeces schneideri,159.6824903,159.6824903
R92,NA,102,Reptilia,Squamata,Lacertidae,Gallotia atlantica,28.68358973,28.68358973
R93,NA,NA,Reptilia,Squamata,Lacertidae,Gallotia auaritae,NA,NA
R94,NA,250,Reptilia,Squamata,Lacertidae,Gallotia bravoana,164.0182365,164.0182365
R95,NA,111,Reptilia,Squamata,Lacertidae,Gallotia caesaris,31.09912071,31.09912071
R96,NA,145,Reptilia,Squamata,Lacertidae,Gallotia galloti,68.42219069,68.42219069
R97,NA,150,Reptilia,Squamata,Lacertidae,Gallotia intermedia,91.48672243,91.48672243
R98,NA,236,Reptilia,Squamata,Lacertidae,Gallotia simonyi,2671.632199,2671.632199
R99,NA,280,Reptilia,Squamata,Lacertidae,Gallotia stehlini,1085.833629,1085.833629
R100,NA,NA,Reptilia,Squamata,Viperidae,Gloydius intermedius,262.4791651,262.4791651
R101,NA,80,Reptilia,Squamata,Lacertidae,Hellenolacerta graeca,14.14865803,14.14865803
R102,NA,60,Reptilia,Squamata,Gekkonidae,Hemidactylus turcicus,4.870906645,4.870906645
R223,NA,1145,Reptilia,Squamata,Colubridae,Hemorrhois algirus,165.3130471,165.3130471
R103,NA,1850,Reptilia,Squamata,Colubridae,Hemorrhois hippocrepis,681.263559,681.263559
R222,NA,1500,Reptilia,Squamata,Colubridae,Hemorrhois nummifer,217.2152733,217.2152733
R230,NA,1300,Reptilia,Squamata,Colubridae,Hemorrhois ravergieri,271.2088593,271.2088593
R105,NA,1280,Reptilia,Squamata,Colubridae,Hierophis gemonensis,219.3845872,219.3845872
R224,NA,1690,Reptilia,Squamata,Colubridae,Hierophis gyarosensis,NA,NA
R106,NA,1690,Reptilia,Squamata,Colubridae,Hierophis viridiflavus,386.5989196,386.5989196
R107,NA,67,Reptilia,Squamata,Lacertidae,Iberolacerta aranica,6.973475445,6.973475445
R108,NA,65,Reptilia,Squamata,Lacertidae,Iberolacerta aurelioi,6.483762571,6.483762571
R109,NA,65,Reptilia,Squamata,Lacertidae,Iberolacerta bonnali,6.516071483,6.516071483
R110,NA,91,Reptilia,Squamata,Lacertidae,Iberolacerta cyreni,17.30338811,17.30338811
R111,NA,85,Reptilia,Squamata,Lacertidae,Iberolacerta galani,14.14865803,14.14865803
R112,NA,71,Reptilia,Squamata,Lacertidae,Iberolacerta horvathi,6.410727474,6.410727474
R113,NA,68,Reptilia,Squamata,Lacertidae,Iberolacerta martinezricai,7.600473883,7.600473883
R114,NA,91,Reptilia,Squamata,Lacertidae,Iberolacerta monticola,13.9530754,13.9530754
R164,NA,75,Reptilia,Squamata,Lacertidae,Iranolacerta brandtii,10.33579662,10.33579662
R115,NA,99,Reptilia,Squamata,Lacertidae,Lacerta agilis,33.6454403,33.6454403
R117,NA,150,Reptilia,Squamata,Lacertidae,Lacerta bilineata,49.57318619,49.57318619
R124,NA,481,Reptilia,Squamata,Lacertidae,Lacerta media,91.48672243,91.48672243
R129,NA,NA,Reptilia,Squamata,Lacertidae,Lacerta pamphylica,39.1438787,39.1438787
R132,NA,120,Reptilia,Squamata,Lacertidae,Lacerta schreiberi,55.41341952,55.41341952
R133,NA,300,Reptilia,Squamata,Lacertidae,Lacerta strigata,91.48672243,91.48672243
R134,NA,190,Reptilia,Squamata,Lacertidae,Lacerta trilineata,117.18198,117.18198
R136,NA,160,Reptilia,Squamata,Lacertidae,Lacerta viridis,91.48672243,91.48672243
R138,NA,150,Reptilia,Squamata,Agamidae,Laudakia caucasia,NA,NA
R139,NA,210,Reptilia,Squamata,Agamidae,Laudakia stellio,NA,NA
R140,NA,280,Reptilia,Squamata,Leptotyphlopidae,Leptotyphlops macrorhynchus,NA,NA
R143,NA,598,Reptilia,Squamata,Colubridae,Macroprotodon brevis,20.16902206,20.16902206
R144,NA,600,Reptilia,Squamata,Colubridae,Macroprotodon cucullatus,25.69099171,25.69099171
R251,NA,660,Reptilia,Squamata,Colubridae,Macroprotodon mauritanicus,29.85482089,29.85482089
R145,NA,1500,Reptilia,Squamata,Viperidae,Macrovipera lebetina,4769.842951,4769.842951
R146,NA,1500,Reptilia,Squamata,Viperidae,Macrovipera schweizeri,634.6098271,634.6098271
R147,NA,2550,Reptilia,Squamata,Colubridae,Malpolon monspessulanus,388.3534691,388.3534691
R148,NA,250,Reptilia,Testudines,Geoemydidae,Mauremys caspica,2260.643208,2260.643208
R149,NA,250,Reptilia,Testudines,Geoemydidae,Mauremys leprosa,2260.643208,2260.643208
R150,NA,240,Reptilia,Testudines,Geoemydidae,Mauremys rivulata,2111.988329,2111.988329
R245,NA,55,Reptilia,Squamata,Lacertidae,Mesalina brevirostris,5.062025633,5.062025633
R151,NA,990,Reptilia,Squamata,Viperidae,Montivipera raddei,687.7850222,687.7850222
R152,NA,950,Reptilia,Squamata,Viperidae,Montivipera wagneri,448.9269637,448.9269637
R153,NA,1350,Reptilia,Squamata,Viperidae,Montivipera xanthina,1118.343338,1118.343338
R154,NA,930,Reptilia,Squamata,Colubridae,Natrix maura,135.8020191,135.8020191
R155,NA,2050,Reptilia,Squamata,Colubridae,Natrix natrix,2800.928844,2800.928844
R156,NA,1300,Reptilia,Squamata,Colubridae,Natrix tessellata,283.7919028,283.7919028
R157,NA,100,Reptilia,Squamata,Scincidae,Ophiomorus punctatissimus,2.471724145,2.471724145
R158,NA,55,Reptilia,Squamata,Lacertidae,Ophisops elegans,7.977821519,7.977821519
R130,NA,61,Reptilia,Squamata,Lacertidae,Parvilacerta parva,5.576322414,5.576322414
R119,NA,NA,Reptilia,Squamata,Lacertidae,Phoenicolacerta cyanisparsa,6.410727474,6.410727474
R122,NA,250,Reptilia,Squamata,Lacertidae,Phoenicolacerta laevis,15.15379173,15.15379173
R135,NA,75,Reptilia,Squamata,Lacertidae,Phoenicolacerta troodica,7.977821519,7.977821519
R159,NA,NA,Reptilia,Squamata,Agamidae,Phrynocephalus guttatus,8.771946454,8.771946454
R160,NA,NA,Reptilia,Squamata,Agamidae,Phrynocephalus helioscopus,11.041534,11.041534
R161,NA,110,Reptilia,Squamata,Agamidae,Phrynocephalus mystaceus,63.07574184,63.07574184
R162,NA,70,Reptilia,Squamata,Agamidae,Phrynocephalus persicus,6.49374897,6.49374897
R61,NA,1000,Reptilia,Squamata,Colubridae,Platyceps collaris,117.2195366,117.2195366
R163,NA,1300,Reptilia,Squamata,Colubridae,Platyceps najadum,228.1929233,228.1929233
R231,NA,1000,Reptilia,Squamata,Colubridae,Platyceps ventromaculatus,210.7855396,210.7855396
R165,NA,65,Reptilia,Squamata,Lacertidae,Podarcis atrata,NA,NA
R166,NA,65,Reptilia,Squamata,Lacertidae,Podarcis bocagei,7.977821519,7.977821519
R167,NA,58,Reptilia,Squamata,Lacertidae,Podarcis carbonelli,6.410727474,6.410727474
R168,NA,75,Reptilia,Squamata,Lacertidae,Podarcis erhardii,13.66306621,13.66306621
R169,NA,74,Reptilia,Squamata,Lacertidae,Podarcis filfolensis,14.64552451,14.64552451
R170,NA,60,Reptilia,Squamata,Lacertidae,Podarcis gaigeae,22.85598803,22.85598803
R171,NA,65,Reptilia,Squamata,Lacertidae,Podarcis hispanica,NA,NA
R172,NA,81,Reptilia,Squamata,Lacertidae,Podarcis lilfordi,12.27267662,12.27267662
R173,NA,65,Reptilia,Squamata,Lacertidae,Podarcis melisellensis,9.399457856,9.399457856
R174,NA,65,Reptilia,Squamata,Lacertidae,Podarcis milensis,9.779255388,9.779255388
R175,NA,75,Reptilia,Squamata,Lacertidae,Podarcis muralis,10.97921205,10.97921205
R176,NA,85,Reptilia,Squamata,Lacertidae,Podarcis peloponnesiaca,NA,NA
R177,NA,70,Reptilia,Squamata,Lacertidae,Podarcis pityusensis,12.72520179,12.72520179
R178,NA,84,Reptilia,Squamata,Lacertidae,Podarcis raffonei,NA,NA
R179,NA,90,Reptilia,Squamata,Lacertidae,Podarcis sicula,NA,NA
R180,NA,80,Reptilia,Squamata,Lacertidae,Podarcis taurica,NA,NA
R181,NA,65,Reptilia,Squamata,Lacertidae,Podarcis tiliguerta,15.15379173,15.15379173
R182,NA,60,Reptilia,Squamata,Lacertidae,Podarcis vaucheri,5.062025633,5.062025633
R183,NA,70,Reptilia,Squamata,Lacertidae,Podarcis wagleriana,NA,NA
R254,NA,75,NA,NA,NA,Podarcis cretendis,NA,NA
R253,NA,93,Reptilia,Squamata,Lacertidae,Psammodromus jeanneae,NA,NA
R185,NA,57,Reptilia,Squamata,Lacertidae,Psammodromus hispanicus,4.129551323,4.129551323
R247,NA,1080,Reptilia,Squamata,Viperidae,Pseudocerastes persicus,652.0233188,652.0233188
R232,NA,400,Reptilia,Squamata,Colubridae,Pseudocyclophis persicus,NA,NA
R186,NA,560,Reptilia,Squamata,Anguidae,Pseudopus apodus,586.1837258,586.1837258
R187,NA,700,Reptilia,Testudines,Trionychidae,Rafetus euphraticus,24993.29585,24993.29585
R78,NA,1600,Reptilia,Squamata,Colubridae,Rhinechis scalaris,386.5989196,386.5989196
R248,NA,NA,Reptilia,Squamata,Typhlopoidea,Rhinotyphlops episcopus,NA,NA
R249,NA,NA,Reptilia,Squamata,Colubridae,Rhynchocalamus barani,11.63374992,11.63374992
R233,NA,550,Reptilia,Squamata,Colubridae,Rhynchocalamus melanocephalus,25.69099171,25.69099171
R234,NA,1800,Reptilia,Squamata,Colubridae,Spalerosophis diadema,681.263559,681.263559
R228,NA,100,Reptilia,Squamata,Gekkonidae,Stenodactylus grandiceps,3.659632965,3.659632965
R189,NA,77,Reptilia,Squamata,Gekkonidae,Tarentola angustimentalis,13.26172482,13.26172482
R190,NA,75,Reptilia,Squamata,Gekkonidae,Tarentola bischoffi,5.684017835,5.684017835
R191,NA,75,Reptilia,Squamata,Gekkonidae,Tarentola boettgeri,10.75227152,10.75227152
R192,NA,84,Reptilia,Squamata,Gekkonidae,Tarentola delalandii,15.31096265,15.31096265
R193,NA,72,Reptilia,Squamata,Gekkonidae,Tarentola gomerensis,11.40239362,11.40239362
R194,NA,84,Reptilia,Squamata,Gekkonidae,Tarentola mauritanica,16.40959789,16.40959789
R121,NA,69,Reptilia,Squamata,Lacertidae,Teira dugesii,12.27267662,12.27267662
R195,NA,1300,Reptilia,Squamata,Colubridae,Telescopus fallax,186.2263726,186.2263726
R246,NA,600,Reptilia,Squamata,Colubridae,Telescopus nigriceps,32.04247285,32.04247285
R196,NA,300,Reptilia,Testudines,Testudinidae,Testudo graeca,4980.95064,4980.95064
R197,NA,200,Reptilia,Testudines,Testudinidae,Testudo hermanni,7363.232451,7363.232451
R199,NA,305,Reptilia,Testudines,Testudinidae,Testudo marginata,10955.80708,10955.80708
R123,NA,260,Reptilia,Squamata,Lacertidae,Timon lepidus,383.341952,383.341952
R131,NA,400,Reptilia,Squamata,Lacertidae,Timon princeps,72.68458615,72.68458615
R141,NA,97,Reptilia,Squamata,Scincidae,Trachylepis aurata,33.80596418,33.80596418
R236,NA,105,Reptilia,Squamata,Scincidae,Trachylepis septemtaeniata,25.20114348,25.20114348
R142,NA,68,Reptilia,Squamata,Scincidae,Trachylepis vittata,18.24187691,18.24187691
R200,NA,90,Reptilia,Squamata,Agamidae,Trapelus agilis,52.98367243,52.98367243
R201,NA,100,Reptilia,Squamata,Agamidae,Trapelus lessonae,NA,NA
R202,NA,1000,Reptilia,Testudines,Trionychidae,Trionyx triunguis,111953.71,111953.71
R203,NA,400,Reptilia,Squamata,Typhlopidae,Typhlops vermicularis,NA,NA
R184,NA,NA,Reptilia,Squamata,Lacertidae,Psammodromus manuelae,NA,NA
R204,NA,650,Reptilia,Squamata,Varanidae,Varanus griseus,5542.068074,5542.068074
R205,NA,NA,Reptilia,Squamata,Viperidae,Montivipera albizona,252.9270589,252.9270589
R206,NA,950,Reptilia,Squamata,Viperidae,Vipera ammodytes,687.7850222,687.7850222
R207,NA,940,Reptilia,Squamata,Viperidae,Vipera aspis,324.7948048,324.7948048
R208,NA,1040,Reptilia,Squamata,Viperidae,Vipera berus,227.4018094,227.4018094
R209,NA,780,Reptilia,Squamata,Viperidae,Montivipera bulgardaghica,225.6463308,225.6463308
R210,NA,421,Reptilia,Squamata,Viperidae,Vipera darevskii,41.74989956,41.74989956
R211,NA,486,Reptilia,Squamata,Viperidae,Vipera dinniki,112.2481919,112.2481919
R240,NA,290,Reptilia,Squamata,Viperidae,Vipera eriwanensis,73.45632755,73.45632755
R212,NA,600,Reptilia,Squamata,Viperidae,Vipera kaznakovi,184.6015299,184.6015299
R213,NA,730,Reptilia,Squamata,Viperidae,Vipera latastei,200.3722454,200.3722454
R242,NA,600,Reptilia,Squamata,Viperidae,Vipera lotievi,117.8745748,117.8745748
R214,NA,870,Reptilia,Squamata,Viperidae,Vipera nikolskii,NA,NA
R215,NA,NA,Reptilia,Squamata,Viperidae,Vipera pontica,117.8745748,117.8745748
R227,NA,620,Reptilia,Squamata,Viperidae,Vipera renardi,192.3808304,192.3808304
R217,NA,750,Reptilia,Squamata,Viperidae,Vipera seoanei,184.6015299,184.6015299
R216,NA,750,Reptilia,Squamata,Viperidae,Vipera transcaucasiana,184.6015299,184.6015299
R218,NA,490,Reptilia,Squamata,Viperidae,Vipera ursinii,117.8745748,117.8745748
R74,NA,30,Reptilia,Squamata,Colubridae,Zamenis hohenackeri,58.39635109,58.39635109
R75,NA,1500,Reptilia,Squamata,Colubridae,Zamenis lineatus,450.9307076,450.9307076
R76,NA,1600,Reptilia,Squamata,Colubridae,Zamenis longissimus,681.263559,681.263559
R241,NA,1200,Reptilia,Squamata,Colubridae,Zamenis persica,NA,NA
R79,NA,1020,Reptilia,Squamata,Colubridae,Zamenis situla,117.2195366,117.2195366
R137,NA,75,Reptilia,Squamata,Lacertidae,Zootoca vivipara,10.56900565,10.56900565
R252,NA,NA,Reptilia,Squamata,Colubridae,Eirenis coronelloides,7.240895486,7.240895486
